"","age","polygon","sex","length","weight"
"1597",7,1687,0,68.623846771013,2.42960183733156
"306",6,3450,1,57.5997803057378,1.45954433499423
"1408",5,3450,1,48.944505456026,0.908722254846876
"1406",6,1687,0,57.9177822364901,1.48311689794937
"307",5,3449,1,51.3560214441228,1.04523411559735
"573",6,1687,1,64.759866891966,2.05254644057537
"1280",8,1687,1,69.250191841268,2.49469662458541
"1512",18,1687,1,99.5805858718835,7.1792817159579
"129",6,3068,0,58.4585176895972,1.52377126693007
"621",6,2252,1,55.8405403265122,1.33357073377295
"7084",3,3183,0,40.5482550598556,0.525522964669762
"1679",5,2250,1,42.5234469200735,0.603533673800369
"1106",8,3127,0,72.8868465361161,2.8953544855066
"1314",7,3125,0,71.8888062150093,2.78148668966732
"377",6,2074,1,62.16135514459,1.82195339490537
"8459",3,2494,1,42.7449189400862,0.612726373291227
"3115",3,2431,0,40.8652539008551,0.537568004166217
"1506",8,2481,0,68.3168274031884,2.39810537406939
"128014",8,1687,1,69.250191841268,2.49469662458541
"5697",3,3125,0,38.7677913401481,0.461151332329688
"5978",3,1888,1,38.6029156476511,0.455467296247943
"1695",11,2152,1,78.4844057360057,3.59097436013046
"1505",4,2201,1,48.2785926154938,0.873209747651376
"1861",5,2369,1,48.2251817667205,0.870401551029833
"6029",3,2689,1,38.3204099363768,0.445835258188288
"743",5,1757,1,53.7168335992265,1.19128030829879
"4831",3,2305,1,41.0192040739992,0.543482446924817
"507",4,2074,1,47.1576567699723,0.815510650286664
"2321",3,1711,0,40.1539231853659,0.510788508533726
"402",5,2152,0,64.0627949482695,1.98891307371857
"648",6,1755,0,57.7569627939935,1.4711648366999
"1090",5,2425,1,59.6646975594365,1.61707605317459
"642",7,2365,0,62.0164570674239,1.80962219824972
"1389",5,2429,1,46.7760164186481,0.796453259513211
"71",5,1712,0,44.7299706977654,0.699253503378574
"1577",5,2432,1,50.9649070234009,1.02223790952544
"1264",5,2249,0,49.8374676995077,0.957812608435423
"39",7,1666,1,67.4192163077995,2.30756132688781
"55",5,1889,1,50.6495974646216,1.00394250044313
"1664",5,1800,0,48.8094263863506,0.901443399788458
"965",7,1929,1,61.0736335069417,1.73072123695693
"858",6,2555,1,57.2543624989881,1.4342196313114
"189",4,1626,0,44.9475083329361,0.709195618846867
"6335",3,2897,1,40.6331928831215,0.528732795335775
"10",7,2001,0,56.3133675978622,1.36669670808363
"439",4,2427,0,42.1993220981446,0.590244047001364
"730",5,3184,1,58.5831246798241,1.53324216383562
"213",6,1755,1,59.0578868951691,1.56968094082566
"1992",6,2958,1,57.3960939753089,1.44457564560116
"1702",8,2037,1,68.3243668728336,2.39887560353676
"1868",8,2432,0,74.1136611705064,3.03946148214915
"8449",3,1757,0,38.0235054679555,0.435857426367353
"7346",3,2559,1,38.0728921496464,0.437506855682993
"6562",3,3068,1,40.0710355989208,0.507726268988213
"3566",3,1889,0,39.1810733427983,0.475603238027974
"6993",3,2306,0,38.3091357359559,0.445453664682538
"1134",13,1889,0,79.2081438813826,3.68818679923328
"57312",6,1687,1,64.759866891966,2.05254644057537
"1319",5,2836,0,52.2708516910513,1.10034291817904
"407",6,2037,0,61.4680768191933,1.7634497748093
"3404",3,1666,0,41.2732828472439,0.553336750178209
"1033",5,2250,0,51.5178677630434,1.05484856400828
"8374",3,1890,0,38.3618464564924,0.447239587376762
"1778",6,2424,0,52.5242595911874,1.1159381064636
"7793",3,2110,1,38.5143388345968,0.452432719836918
"780",5,2074,0,42.6827005718646,0.610134642860989
"1957",8,2150,1,72.2360860770971,2.82076838248193
"4459",3,1966,0,39.7163025636575,0.494756973076937
"1023",5,2201,1,43.4002305600333,0.640463688053186
"1525",6,2369,1,56.6364907904108,1.3896422972027
"802",7,2960,1,61.7758216360243,1.78926476001197
"159712",7,1687,0,68.623846771013,2.42960183733156
"120",4,423,0,42.8357740605621,0.616523942599256
"6245",3,3242,0,40.818268014087,0.535771357563964
"8201",3,1800,0,40.1513950384191,0.510694928688382
"1605",5,1626,1,57.3388173955034,1.44038468037917
"1542",10,2824,1,86.0879405830039,4.69975082088069
"1173",4,2493,0,41.3110410078225,0.55481111067839
"181",19,2370,1,101.446431689911,7.57777493366261
"968",9,1890,1,78.5108153174685,3.59449177010611
"988",11,1801,0,86.5352862697288,4.77117117711836
"1694",4,1666,1,45.0374183908771,0.713331718950432
"1742",11,2108,0,85.6590734017296,4.63194291331717
"515",9,2559,1,72.4117954329443,2.84078125931497
"7917",3,426,0,38.9773619458299,0.468443148549137
"5265",3,2554,0,38.15208246573,0.440160217135467
"1295",4,1757,1,43.9489575314875,0.664313452899263
"1539",9,2305,0,70.6321850927674,2.64235018405536
"1578",4,1623,1,39.9395535611677,0.50289349135179
"212",4,3896,0,45.1874132346991,0.72026706081358
"4912",3,3981,1,39.7170416692661,0.494783766630604
"251",7,3069,0,74.132636043836,3.04172652505082
"1985",4,3068,1,49.0342757744355,0.913580880473446
"159711",7,1687,0,68.623846771013,2.42960183733156
"7491",3,3855,1,38.1347750412094,0.439579412852131
"62454",3,3242,0,40.818268014087,0.535771357563964
"1902",4,3687,1,45.7272830587976,0.74559518274698
"1892",10,3855,1,86.2941637837263,4.7325872668744
"1036",5,3536,0,48.3027851508254,0.874483679401243
"534",6,3981,1,62.0156179930631,1.80955095088731
"1879",6,3854,0,54.149521735279,1.21941924374609
"7304",5,3184,1,58.5831246798241,1.53324216383562
"1084",4,3896,1,41.2517422420453,0.552496797320186
"1746",8,3814,0,70.3352276847508,2.6101521113247
"3309",3,3496,1,40.4936852552389,0.523467516101068
"8621",3,3982,1,38.7675965150499,0.461144588474798
"2157",3,3687,1,38.5107627988372,0.452310487000258
"128013",8,1687,1,69.250191841268,2.49469662458541
"2456",3,3298,0,38.4179241312417,0.449144740356344
"1118",9,3940,1,76.1856374831596,3.29339197713605
"8117",3,3815,1,39.7436377082121,0.49574854198321
"1487",5,3069,0,49.5188510689577,0.940102080522529
"1296",6,3068,0,58.4585176895972,1.52377126693007
"65623",3,3068,1,40.0710355989208,0.507726268988213
"284",8,3896,1,67.4442497826997,2.31005556362066
"1187",8,3854,1,69.4001526922655,2.51044970341676
"151",7,3536,0,71.4194807235993,2.72897305637601
"3065",6,3450,1,57.5997803057378,1.45954433499423
"1998",6,3899,1,53.3550606991795,1.16808308363544
"172",15,3938,1,93.0126535336496,5.88640318312222
"57311",6,1687,1,64.759866891966,2.05254644057537
"1301",8,3855,0,62.9751265543489,1.89223302330468
"1198",8,3772,0,77.5493783565919,3.46789227853931
"140611",6,1687,0,57.9177822364901,1.48311689794937
"70844",3,3183,0,40.5482550598556,0.525522964669762
"2559",3,4021,1,38.2934013624966,0.444921467874326
"1000",5,3495,1,52.0863860394552,1.08908099905477
"14085",5,3450,1,48.944505456026,0.908722254846876
"1653",7,3536,0,68.2993553011375,2.39632105448844
"151211",18,1687,1,99.5805858718835,7.1792817159579
"3075",5,3449,1,51.3560214441228,1.04523411559735
"739",7,3495,0,66.6392547902464,2.23073185336915
"4420",3,3773,0,38.1720959536536,0.440832459469365
"1130",14,4021,0,92.4017047271487,5.77459376400865
"1330",5,4020,1,50.3116297240721,0.984572467192713
"1622",5,3943,0,50.757316707832,1.01016838224633
"168",16,3861,1,99.3891163784018,7.1391857055634
"140610",6,1687,0,57.9177822364901,1.48311689794937
"2043",5,3207,0,50.4710102521747,0.993676225172701
"2706",3,3206,1,39.3736156254534,0.482436435807035
"1363",6,3946,1,65.5170258179486,2.12316297433387
"8908",3,4105,0,39.2667620209579,0.478636372172968
"1595",5,3269,1,55.1767979715014,1.28796506174384
"1511",5,2842,1,42.7094316899855,0.611247254576858
"522",9,3207,1,75.2799141507481,3.1807454180893
"794",5,3586,1,53.1904769078761,1.15762870798332
"2626",3,3207,0,39.0405667180228,0.470657057058819
"6358",3,2966,0,41.5408040109748,0.563838384598714
"58",6,3541,0,63.1173184492891,1.90469277823907
"380",4,3821,1,40.9727303000489,0.541692545032484
"3697",3,3902,0,39.4046296081343,0.483543090118269
"7064",3,4022,1,38.9498773444178,0.467482566676434
"425",4,3946,1,45.0450846028014,0.713685115620991
"1435",6,4062,0,50.1061009997585,0.972913789253627
"1933",5,3780,1,55.5266688340467,1.31187482895709
"6059",3,3944,0,38.2050719561711,0.441941575021427
"5111",3,3775,0,38.3047003732278,0.445303601451405
"512",5,3151,0,54.3730010089855,1.23412201294378
"525",5,3819,1,50.034976755461,0.968900453171643
"1610",4,3776,0,39.7835491427782,0.497198650779636
"1521",5,3084,1,42.2269836466875,0.591370641060136
"1300",6,3857,0,60.3671323932569,1.67310144557868
"1395",6,3731,1,59.3864335293452,1.59522727401494
"793",10,3586,1,88.7372671370355,5.13311848837023
"1455",5,3902,1,52.9287354495927,1.14112968453786
"19025",4,3687,1,45.7272830587976,0.74559518274698
"720",4,3025,1,41.9646563539063,0.58074324630663
"1284",13,4023,1,91.2440575651725,5.56657470211879
"1070",6,4184,1,66.4828262677856,2.21552805200686
"567",5,3206,0,51.2454630291817,1.03869959407277
"21575",3,3687,1,38.5107627988372,0.452310487000258
"1161",7,4104,0,62.8122306296273,1.87802494085358
"1614",7,3736,0,69.8247824209328,2.55541003081254
"452",8,3541,1,82.4068784282061,4.13853243827561
"510",4,3083,0,43.4060158018786,0.640712157085165
"1876",4,3817,0,46.4996470417391,0.782836713790568
"16535",7,3536,0,68.2993553011375,2.39632105448844
"206",4,3820,1,43.4786785875766,0.643838324087538
"824",4,4062,0,41.6211499024543,0.567017734462195
"7395",7,3495,0,66.6392547902464,2.23073185336915
"1004",6,3539,0,56.4130067722466,1.37374554366422
"160",12,3024,0,79.6670643396569,3.75071473107168
"656",9,3151,0,69.4784136468866,2.5186967195169
"38",6,3537,0,57.6602024045748,1.46400418501988
"2078",7,3859,0,64.5508433840911,2.03332722170096
"10365",5,3536,0,48.3027851508254,0.874483679401243
"85",10,3541,1,74.0922997426228,3.03691287969505
"1997",8,4185,1,73.0349773588752,2.91251118021267
"561",6,2966,1,66.6793404378959,2.23463889996481
"1838",9,3151,0,73.089300201434,2.91881960060825
"775",4,4023,0,46.6639588628685,0.79091367497896
"3858",3,3266,1,40.2876007935953,0.515752656864
"565",7,3537,0,68.2750721116203,2.39384260742368
"772",4,3692,1,43.7732550243121,0.656614420664232
"722",5,4184,1,54.7760476077632,1.26093180661967
"3028",3,3148,0,40.2223528547933,0.513325722935529
"3105",3,3266,0,41.5500431795593,0.564203388799612
"9723",3,2841,0,39.2121238125655,0.476700873862723
"1897",11,3026,0,83.1011654175174,4.24081559312237
"2791",3,3735,0,38.7707860723426,0.46125500288554
"32",6,3694,0,57.7092235174316,1.46762907532499
"9645",3,3694,0,38.5630740481456,0.454100704767263
"1184",7,3207,0,70.9652324071595,2.67877024764155
"1222",5,3206,1,57.6984725309361,1.46683358461434
"151210",18,1687,1,99.5805858718835,7.1792817159579
"159710",7,1687,0,68.623846771013,2.42960183733156
"57310",6,1687,1,64.759866891966,2.05254644057537
"592",4,3820,1,45.3481028918444,0.727745844259158
"389",8,4106,0,74.9575213644307,3.14126783407545
"103",5,3821,0,51.5262443726781,1.05534774833043
"797",8,3652,0,73.4198434188644,2.95739841767439
"1611",4,3586,1,46.4758892333513,0.781673367611665
"9401",3,3210,0,38.3488582638346,0.446799091329631
"1991",4,4064,1,40.0359011328996,0.50643188926095
"1272",5,3775,1,51.766354724899,1.06972255887512
"1660",9,3663,1,81.2766152834499,3.97550778688185
"5815",3,3151,0,38.1995838114717,0.441756859751399
"7543",3,3775,0,39.9436209720028,0.503042539325464
"975",12,3820,1,88.6669873507383,5.12129705514831
"1558",6,4185,1,56.0778181308259,1.35012757965243
"749",5,3209,1,48.3764559691692,0.878370553058647
"692",7,3816,1,78.404934693366,3.58040348870066
"127",6,3738,0,67.4701118796509,2.31263421868188
"778",6,3943,0,62.9832749494941,1.89294558800272
"1473",8,2842,0,71.0671270372145,2.68997828294241
"665",4,4184,0,45.6118567840622,0.740131594335946
"3711",3,3693,1,38.87083029487,0.464727094931455
"6669",3,3150,0,39.6294416385368,0.49161477808557
"3305",3,2964,0,38.1281238899559,0.439356346723879
"559",5,4022,1,56.3877311421041,1.37195520089242
"200",13,3460,1,76.759218234572,3.36606551953781
"1940",7,4062,1,74.1360674967591,3.04213625806039
"1273",5,3857,0,50.3817626851825,0.988571661238113
"9488",3,3692,1,39.301228048778,0.479859942170262
"9372",3,2842,0,39.5802577867684,0.489841374241294
"663",6,3694,0,58.4595827762396,1.5238520569034
"7686",3,3776,0,38.6174943294166,0.45596802780194
"885",5,4184,1,56.0024275310673,1.34485241318266
"646",7,3151,1,62.5588133016267,1.85606091549834
"1519",7,3536,0,71.4194807235993,2.72897305637601
"853",5,3736,1,48.9971854639154,0.911571385476655
"33095",3,3496,1,40.4936852552389,0.523467516101068
"495",7,3820,1,69.7179010422163,2.54404394297362
"4741",3,3737,1,42.6410077802215,0.608401946122505
"115",5,2904,1,52.0743659509922,1.0883497911265
"445",6,3538,0,53.3982925849573,1.17083941417588
"1419",4,4185,0,41.4990471635368,0.562190664456098
"302",6,3084,0,60.5517369710862,1.68803368107453
"128012",8,1687,1,69.250191841268,2.49469662458541
"10005",5,3495,1,52.0863860394552,1.08908099905477
"7700",3,3694,1,40.0674706674317,0.507594835405873
"6588",3,3693,1,38.2766155203026,0.444354166646852
"3615",3,3735,1,39.1944000007278,0.476074132697135
"93",5,3149,0,49.9677426739605,0.965116633131818
"218",5,3903,1,43.912553119591,0.662713423819856
"1550",8,3819,0,65.6408432278636,2.1348603226366
"1852",7,2282,0,68.3043451407772,2.39683054755432
"1166",14,981,0,90.8206372053991,5.49173673910313
"128011",8,1687,1,69.250191841268,2.49469662458541
"1143",9,714,0,70.4448440186366,2.62200727049948
"2238",3,1381,0,40.0516942006219,0.507013449250504
"2048",7,1344,0,68.3038860679948,2.39678367045336
"1121",7,1717,1,60.8185809208421,1.709772262771
"2544",3,2048,0,39.795155599301,0.497620871991812
"4304",3,2227,0,38.7733333398475,0.461343195308996
"1981",6,1864,0,58.7050811408927,1.5425489369553
"2040",5,1181,1,46.8669684781278,0.800968166037969
"1374",5,428,1,50.3449992128746,0.986473969682805
"1658",12,2122,0,78.8080570134932,3.63423653546728
"1356",8,2176,1,78.6266433911186,3.60994525954444
"2039",8,2174,1,66.3849175467664,2.20604667995803
"404",6,1859,0,50.4382346118833,0.99179959926908
"8247",3,1464,0,38.6410914759169,0.456779280554948
"6356",3,2172,0,40.6423663558304,0.529080232037258
"826",7,2083,0,66.3156857265171,2.19935844686104
"837",10,329,0,80.6904662019408,3.89265002005915
"3132",3,1723,1,40.5305931406685,0.524857124884788
"1245",6,1943,0,67.6182052726147,2.32743668899674
"1002",14,1685,1,97.2529068641912,6.70176546785374
"6592",3,1723,1,38.6922629308665,0.458541771455789
"1308",6,1909,1,61.3081605775362,1.75013237245197
"304",4,1222,0,43.3600693485435,0.638740556600907
"1846",7,522,1,67.9026019887307,2.35603727526362
"8615",3,983,1,39.9078817542747,0.501733887369592
"1563",4,1907,0,49.4670207055246,0.937241543937951
"1977",5,716,0,48.3196258260158,0.875371196272735
"1678",9,2267,1,74.9307331830136,3.13800212315733
"1580",4,573,1,45.5464046581623,0.737045191361016
"7295",3,1343,0,40.354085173882,0.51823331505376
"1875",5,1175,1,56.5722006813648,1.38505694238538
"533",5,1899,1,51.3922657864784,1.04738218392215
"2032",8,1981,1,67.0326176804635,2.26926631702819
"1378",7,1862,1,61.844471803141,1.79505706579837
"883",4,1586,0,42.1893513913884,0.589838307703004
"398",4,1224,1,46.2611644249285,0.771210395395497
"163",7,1764,1,61.3992061434307,1.75770628291482
"1705",14,1939,1,93.4829421830559,5.97343151659275
"750",14,2506,1,99.2878203127036,7.11803267327141
"54",6,1815,1,49.1168291587847,0.918063926238241
"3840",3,1805,1,39.6845585290142,0.493607108533552
"502",6,927,0,64.2087880927817,2.00213151287677
"455",9,1679,1,84.8117805601483,4.49987211932486
"6713",3,1548,1,39.8357910823763,0.499100969170299
"1500",5,868,0,54.0836256604652,1.21510597890976
"1591",10,1903,1,80.3293737500548,3.84217493477149
"1667",7,2165,0,68.2951547723141,2.39589220998384
"555",4,716,1,46.9850417583353,0.806854399003337
"1492",4,328,0,40.162135562577,0.51109256891474
"4561",3,1045,0,38.81242419257,0.462698001547603
"1191",5,1727,1,52.8794083365617,1.13803771233802
"7285",3,1045,0,40.9753340190737,0.541792722815254
"1428",6,922,0,57.1495090459247,1.42658965826351
"558",9,2268,0,72.8778502970103,2.89431467220622
"116",8,1853,0,74.7328302710545,3.11394506586443
"8205",3,1938,0,38.5544320893612,0.453804635887655
"75",14,1094,1,91.9128132673004,5.68613304822735
"1294",6,1981,1,43.7455875306237,0.655407434742457
"459",4,427,0,43.993234545503,0.66626290943607
"1006",7,927,1,64.268992300835,2.00759923941596
"396",5,1853,0,57.887347315069,1.4808501111873
"571",9,1905,1,77.1384794857608,3.41469179149812
"81",4,1544,0,42.154382502047,0.58841676099053
"667",4,2448,1,42.1456411700082,0.588061762177109
"2191",3,1094,0,38.4619008231455,0.450642501768847
"763",4,763,0,43.6719255909734,0.652201057209991
"2603",3,2174,1,38.4481251453014,0.450172976668566
"1358",7,1503,1,63.8433414464211,1.96915139633391
"1012",10,1804,1,77.399243887811,3.44839125280404
"1072",4,2227,0,44.3001912462804,0.679881124983108
"1120",5,1344,1,50.3482450577796,0.986659057052784
"760",5,1344,0,51.6582233599686,1.06323320313228
"1959",5,1974,0,56.7038241309183,1.39445537432343
"1298",6,1132,0,62.8987607715079,1.88556350731533
"1657",6,1946,0,56.6738053247128,1.39230824061761
"1651",4,2281,0,45.3286586956332,0.726838178931767
"256",8,1895,0,63.4740184244736,1.93618578121372
"729",4,2172,1,43.851637118284,0.660041734409191
"82",5,1850,0,61.3633643911822,1.75472211239181
"370",5,2388,0,54.1025037473936,1.21634062956671
"2007",5,2083,1,50.583463109607,1.00013262059514
"942",5,1637,0,54.4464286850102,1.23897811196263
"1091",5,1257,1,51.8345335529876,1.07382754991892
"1491",16,1221,0,99.6717948370468,7.19843382733622
"87",7,918,0,71.9783903118274,2.79158517762763
"1096",6,1425,0,64.1485572527366,1.99667115738257
"950",4,2225,0,48.5506633726582,0.887606808397583
"6437",3,1895,0,39.2571733610514,0.478296332000028
"1038",8,2388,0,69.3977702395556,2.51019892270044
"850",6,1424,0,59.7370265132741,1.62278716749737
"5325",3,1944,1,38.5200545788525,0.45262813528193
"660",5,2171,0,57.5009793325583,1.45227090873477
"4386",3,1894,1,38.7354336574335,0.460032160975563
"1263",9,2172,0,76.6599977276445,3.35341960576348
"597",11,1904,1,85.3975696945803,4.5909136403644
"838",7,811,0,59.5169113553943,1.60544786299471
"1016",4,2385,1,47.3397996065972,0.82471055591004
"6784",3,1719,0,39.4506809531694,0.485189385850749
"1830",4,2179,0,43.6759369644263,0.652375399737348
"1673",10,1346,0,80.0879829440292,3.80867303137916
"3258",3,761,1,38.9397500784226,0.467128946783731
"7587",3,2640,0,38.8602168485304,0.464357938581533
"2074",5,2217,1,56.4263959920758,1.37469456012165
"1791",10,1638,1,85.0378473889292,4.53486493049864
"3020",3,525,1,41.2653235227187,0.553026287272595
"3916",3,1728,0,40.7856568538943,0.534526691774851
"1625",4,1725,0,49.1359478705505,0.919104219166607
"887",8,2444,0,69.0402682598977,2.47275377417326
"6060",3,1679,1,39.0505915941453,0.471008833669967
"812",4,2081,1,48.4601882081013,0.882802015433859
"6141",3,1465,1,39.6687735672008,0.493035983241108
"2038",7,1979,0,74.5236127433481,3.08864457817426
"586",9,1338,1,75.6717373017396,3.22916150122747
"1711",6,1973,0,62.2959270281695,1.83345508491155
"2677",3,1544,1,38.0919543987588,0.438144595837292
"852",7,2388,0,70.9056925145809,2.67223528896701
"8061",3,621,0,42.0797216999659,0.585389198337536
"5125",3,528,0,38.3405202611454,0.446516457149438
"1741",10,375,1,77.9069500016235,3.5146285622724
"6908",3,1903,0,41.2048193056627,0.550669985653016
"835",8,2088,1,66.1138241026188,2.17993334293049
"1380",7,2443,0,67.9017827283566,2.35595455618752
"538",8,863,0,71.6745299860241,2.75742944844628
"1585",12,1638,1,79.863097495373,3.77763490506818
"228",7,2282,0,61.2018091586265,1.74131235992471
"1203",4,423,0,42.8357740605621,0.616523942599256
"1013",5,1342,1,48.9295503258947,0.907914492379738
"1283",6,1141,0,51.2971605037997,1.04175180957651
"3127",3,2178,0,41.360729086743,0.556755230174669
"4027",3,619,1,40.4777511268711,0.522868331670616
"1794",6,922,1,55.816647964979,1.33191099003448
"532",4,1679,1,43.6294630770007,0.650357424031826
"9337",3,2165,0,42.008456483451,0.582508884415893
"979",8,1859,1,78.7210269488585,3.62256986973753
"16055",5,1626,1,57.3388173955034,1.44038468037917
"1857",6,936,0,63.5898630483113,1.94648671547602
"909",6,1668,1,53.5367102424922,1.17969320116871
"5863",3,1902,0,39.4831359260224,0.486351830230755
"1759",9,2267,0,75.0558812182282,3.15327788168547
"774",5,868,1,49.1476261004837,0.919740038900314
"537",4,1342,0,40.2984871917051,0.516158314203111
"8904",3,1859,1,38.7892390613946,0.461894139328339
"1135",5,1042,1,54.1338043383636,1.21838954155374
"2469",3,1937,0,40.2076732683576,0.512780742404512
"535",7,1220,1,68.6426315575786,2.43153769235074
"1949",9,1765,0,69.6740840768694,2.53939392218167
"628",7,2283,1,71.6682808294037,2.75672990000667
"6802",3,1636,1,38.1880489352342,0.441368793967131
"411",6,1426,1,61.8660557979978,1.79688073865413
"185",9,1141,1,76.9506526226157,3.39055270604487
"564",5,812,1,57.1350178112738,1.42553726084654
"761",12,280,0,92.1588463069105,5.73053857962513
"5681",3,526,0,39.2405681842326,0.477707842021327
"630",7,2282,1,62.9910004941325,1.89362133769902
"267",7,927,1,72.9593563220663,2.90374434578853
"86",5,1940,1,59.3439684644906,1.59191013637577
"1400",6,1224,1,59.4215418698873,1.59797316810531
"1686",6,1508,0,61.4306612241407,1.76032796364463
"5381",3,377,0,39.0178643040892,0.46986105849754
"5005",3,1382,1,40.1301627369858,0.509909455033751
"1953",5,1718,1,50.6182455960805,1.00213519106006
"1946",9,2448,0,68.1559303187608,2.38170685876017
"1112",13,2283,1,94.8733043502574,6.2356510447322
"1129",6,2327,0,51.91647670283,1.07877494363703
"1961",5,2017,1,50.7046863653188,1.00712333407285
"448",5,1596,1,58.4830785026853,1.52563499244707
"7",6,1895,0,59.2729681938957,1.58637410381277
"8089",3,1721,1,38.8021949574393,0.462343225991177
"296",7,1684,1,65.4561344156838,2.11742587207493
"1864",5,1638,0,50.4369941731004,0.991728621527566
"1534",12,1132,0,89.8651409260098,5.32528984935018
"481",12,1626,1,95.6349800024632,6.38245100922436
"3249",3,1938,0,38.2037859176482,0.441898286092258
"1561",4,762,1,38.6225225666062,0.456140815590611
"762",7,1717,1,66.457541792036,2.21307697489193
"1877",4,1938,0,44.6562579120084,0.695905482444116
"1540",5,2048,1,55.3447802964957,1.29940875426035
"541",7,1903,0,59.125794975436,1.5749389910777
"647",5,1941,1,52.1083912156439,1.09042045675676
"7999",3,1041,0,41.3875361994505,0.557805952430376
"9597",3,2573,0,39.3380144588669,0.481168150535927
"1207",6,1941,0,58.0126340592742,1.49019604890053
"1320",7,1902,0,59.8705107391307,1.63336184942906
"816",5,1808,1,43.0045158925302,0.623617952240522
"679",7,1815,1,66.3868560604625,2.20623414455028
"8460",3,2124,1,38.1037337963608,0.438538988224075
"1240",5,1810,1,58.1842804272952,1.50306297934906
"453",6,990,1,57.6738755911077,1.4650146638765
"1303",9,2165,1,77.1519183797215,3.41642323851924
"1590",5,1181,0,54.8464415015847,1.2656531085181
"1917",5,1850,0,52.6253300379008,1.12219840675357
"1189",5,1132,0,54.8453492731732,1.26557976454478
"953",6,1805,1,54.2150563328329,1.22371880254871
"1945",4,1467,1,40.8941372134959,0.538674404524992
"486",6,1904,0,59.4207238970237,1.59790915752834
"1486",6,1346,1,62.1732292759013,1.82296635153188
"110",8,2165,1,68.2840327967513,2.39475697762307
"2362",3,2574,0,40.1767757989685,0.511634913147128
"1962",5,1421,0,51.0010497616155,1.02434891266855
"1387",7,759,0,63.3272355613076,1.92318528636793
"8629",3,1763,0,41.5353936223133,0.563624712815777
"2021",7,2084,0,56.3461705202353,1.36901467773255
"581",15,1257,0,100.542446277819,7.38294406502599
"1132",10,1851,1,85.0310491635631,4.53381003974011
"964",6,716,1,58.7465219999796,1.54571980187024
"1252",7,570,1,71.3467415294135,2.72089286691403
"644",6,1680,1,54.9603909500499,1.27332023857601
"3493",3,1545,0,41.6725896032669,0.569059408811909
"3756",3,2083,1,39.2015055618958,0.476325331244556
"1017",4,233,0,40.4514987763835,0.521882124574006
"1707",6,1635,0,63.8735074498917,1.97186015440433
"1282",4,667,1,47.7116085287764,0.843701255106893
"1253",4,1256,1,43.3801984198304,0.639603820890263
"1919",4,1906,1,44.4745635055469,0.687697928064041
"982",4,2081,0,45.3768706655622,0.729090103198178
"1878",8,2084,1,61.3096107224219,1.75025283909447
"8211",3,424,1,39.598811490511,0.490509864151454
"7875",3,1941,0,42.8450518916606,0.616912605069552
"4686",3,2176,0,38.1759011190108,0.440960349127067
"1518",4,2217,1,45.0759940528942,0.715111143656721
"4219",3,1858,1,39.4001611124106,0.483383540696809
"8584",3,811,0,38.2880437880613,0.444740349466559
"1777",4,2127,1,45.9192634573261,0.754740896036288
"233",6,2045,0,59.0487986905206,1.56897812627877
"1123",4,1851,1,46.8467263567383,0.799961887384639
"1209",5,1893,1,60.5520370211461,1.68805802234622
"441",14,974,1,103.324196864793,7.99319883403942
"466",14,233,1,91.3118072935054,5.57861097198126
"1181",4,1178,1,44.7462450309732,0.699994102378791
"1570",8,1815,0,72.9432155072021,2.9018753683042
"4829",3,1503,0,39.3788389588149,0.482622700506489
"1589",9,936,1,75.4160151600089,3.19750849493751
"1110",11,991,0,92.6309378103708,5.81638067058477
"4038",3,1981,1,42.6968825833724,0.610724765691594
"1783",6,476,1,55.5876449154548,1.31607143930872
"1482",4,1467,0,39.1577042839466,0.474778235487132
"2073",7,1597,0,64.5185737734117,2.0303706752102
"1541",5,1946,0,50.3166639302633,0.984859178479121
"1801",6,2172,1,55.4451868046124,1.30628064391579
"1624",4,1895,0,43.6286595819385,0.650322570981231
"4607",3,2227,0,38.7550959872472,0.460712019033128
"2005",6,1681,1,58.1328332241433,1.49919878033624
"15129",18,1687,1,99.5805858718835,7.1792817159579
"1019",10,1680,1,82.8971656092038,4.21059197592176
"53",8,2330,1,64.2880089674944,2.00932836139027
"2300",3,2441,1,40.9123905167179,0.539374383280973
"5472",3,1945,1,38.0237883740335,0.435866863295539
"2080",7,1381,0,69.2110582284512,2.49059642223326
"6883",3,1220,0,38.4277767734264,0.449480017915254
"661",7,981,0,60.8704220934582,1.71401673081041
"5766",3,474,1,38.242000578832,0.443185805291378
"331",8,2081,1,67.1480096493804,2.28065259053139
"132",15,1135,0,97.1858253525677,6.68832246319743
"1573",4,1940,0,43.3889558875586,0.639979636466185
"8942",3,2450,0,38.3388979045647,0.44646147759422
"438",10,2324,1,77.128741822719,3.41343756546726
"911",6,922,1,61.5400007392725,1.76946102786307
"198",4,522,1,44.0922770880873,0.670637202554857
"1891",4,1904,1,41.2347212112358,0.55183367267031
"1136",13,1586,1,91.1089267329715,5.54261858131565
"365",6,1851,0,53.7999311990664,1.19665095342237
"726",8,1815,0,71.7227159738064,2.76282743888353
"494",6,1718,0,60.3214139175894,1.66941682893271
"229",5,1904,0,57.5407886216687,1.4551986784566
"6",5,1426,0,47.0211274464386,0.808659003481581
"591",6,1902,0,55.3369986145089,1.29887716368688
"7662",3,1907,1,41.4090846405843,0.558651500569963
"545",5,1815,1,55.9762842722468,1.34302630352252
"347",5,1503,0,51.5474425981995,1.05661169926455
"1568",11,863,1,88.7420569938747,5.13392481898461
"147",5,1980,0,48.044899095519,0.860966565013983
"317",7,1864,0,64.0914549878388,1.99150346416349
"31",8,980,0,68.8750038312062,2.45556845674306
"1848",4,927,0,40.9194285396881,0.539644437194567
"1266",11,2179,1,78.7428505638464,3.62549308417264
"7012",3,2048,0,40.1211296386405,0.509575522671652
"2574",3,1975,0,40.4442600517683,0.521610406437801
"823",4,1033,0,41.5942833222004,0.565953296895043
"1762",5,1850,1,53.3745478712542,1.16932499727689
"6212",3,2225,1,38.9771381263155,0.468435320870168
"9318",3,2331,0,38.2553115541328,0.443634852973958
"1040",7,1630,1,69.6102899716901,2.53263383126565
"1564",17,1224,1,102.971631829502,7.91408822226134
"25",7,1864,0,61.5701223060215,1.77198251663972
"1452",4,1850,1,38.4665934338525,0.450802516336752
"5739",6,1687,1,64.759866891966,2.05254644057537
"1737",5,928,1,48.6247122027224,0.891552008646792
"996",7,2281,0,62.0584445729297,1.81318978707764
"1709",6,1680,1,54.758630835927,1.25976545451863
"3938",3,1721,1,40.5737782149759,0.526486145688192
"1232",5,1344,1,44.3373308692508,0.681541115182616
"937",6,2179,0,58.0726326518179,1.49468540180747
"1770",5,1776,0,51.8104672471851,1.07237735898357
"7180",3,1814,1,38.7840116048289,0.461713022535904
"319",8,2174,1,74.9899653170155,3.14522601827456
"1230",8,2014,1,71.873361449638,2.77974808472896
"9360",3,763,1,40.5247422949071,0.524636674986547
"497",4,2441,1,43.245668946843,0.633848851270521
"1376",14,1804,1,94.2067613113548,6.10901961365386
"135",4,1762,0,48.0394248617637,0.860681129458556
"339",4,666,0,46.2892532463351,0.77257383097328
"1904",6,2387,0,57.8658448990907,1.4792499872151
"539",6,573,1,53.8927180832922,1.20266657410121
"246",11,2450,0,76.8759442267966,3.38098257557531
"1551",4,917,1,43.1097479808376,0.628068978821077
"1948",4,2013,1,42.5068301050178,0.602847630167583
"1424",5,714,0,48.1242185636654,0.865109387431379
"4205",3,1132,0,39.8503723644882,0.499632777912626
"184",7,1895,0,73.3083520969791,2.94434871998298
"2992",3,476,1,38.3007026565879,0.445168373693306
"156",7,2442,1,66.5779632103693,2.22476659151218
"5166",3,2444,1,38.5710142664273,0.454372844124891
"1592",9,1087,0,76.6789694274455,3.35583518321841
"150",9,1906,1,75.9542723155166,3.26437173216103
"247",6,2330,1,59.9102319613107,1.63651729121316
"450",8,2385,0,75.0093045067146,3.14758696900918
"1606",5,2130,1,51.139144853444,1.03244103643047
"1443",4,1035,0,47.4131354302255,0.828433843939533
"1404",4,1040,1,38.2970735458938,0.445045637834456
"1318",9,573,0,76.90915167759,3.38523425135809
"940",4,991,1,42.0956868355746,0.586035737436339
"643",6,2227,1,56.5186394388667,1.3812443932835
"2076",5,1893,0,59.9095582358769,1.63646373734257
"1881",6,1946,0,54.4142046358453,1.23684545089409
"1839",5,919,0,53.7344418010852,1.19241701259612
"48",10,2218,0,80.6031709052652,3.88040785632372
"430",9,933,1,78.0680835531459,3.53582386938311
"6877",3,2281,0,41.7746495191037,0.573124503292846
"615",7,1760,1,64.4348310622869,2.02271132149203
"1701",4,2126,1,49.0265542590662,0.913162301457567
"2368",3,1728,0,39.1458732662612,0.474360921103617
"65622",3,3068,1,40.0710355989208,0.507726268988213
"128010",8,1687,1,69.250191841268,2.49469662458541
"5738",6,1687,1,64.759866891966,2.05254644057537
"33094",3,3496,1,40.4936852552389,0.523467516101068
"1293",6,3068,0,58.4585176895972,1.52377126693007
"24562",3,3298,0,38.4179241312417,0.449144740356344
"19982",6,3899,1,53.3550606991795,1.16808308363544
"7394",7,3495,0,66.6392547902464,2.23073185336915
"62453",3,3242,0,40.818268014087,0.535771357563964
"2842",8,3896,1,67.4442497826997,2.31005556362066
"10842",4,3896,1,41.2517422420453,0.552496797320186
"49122",3,3981,1,39.7170416692661,0.494783766630604
"44202",3,3773,0,38.1720959536536,0.440832459469365
"10364",5,3536,0,48.3027851508254,0.874483679401243
"18792",6,3854,0,54.149521735279,1.21941924374609
"11872",8,3854,1,69.4001526922655,2.51044970341676
"11182",9,3940,1,76.1856374831596,3.29339197713605
"11982",8,3772,0,77.5493783565919,3.46789227853931
"25592",3,4021,1,38.2934013624966,0.444921467874326
"3064",6,3450,1,57.5997803057378,1.45954433499423
"15979",7,1687,0,68.623846771013,2.42960183733156
"3074",5,3449,1,51.3560214441228,1.04523411559735
"1516",7,3536,0,71.4194807235993,2.72897305637601
"21574",3,3687,1,38.5107627988372,0.452310487000258
"13012",8,3855,0,62.9751265543489,1.89223302330468
"1722",15,3938,1,93.0126535336496,5.88640318312222
"18922",10,3855,1,86.2941637837263,4.7325872668744
"11302",14,4021,0,92.4017047271487,5.77459376400865
"14069",6,1687,0,57.9177822364901,1.48311689794937
"14872",5,3069,0,49.5188510689577,0.940102080522529
"7303",5,3184,1,58.5831246798241,1.53324216383562
"5342",6,3981,1,62.0156179930631,1.80955095088731
"15128",18,1687,1,99.5805858718835,7.1792817159579
"74912",3,3855,1,38.1347750412094,0.439579412852131
"2512",7,3069,0,74.132636043836,3.04172652505082
"16534",7,3536,0,68.2993553011375,2.39632105448844
"81172",3,3815,1,39.7436377082121,0.49574854198321
"70843",3,3183,0,40.5482550598556,0.525522964669762
"13302",5,4020,1,50.3116297240721,0.984572467192713
"19024",4,3687,1,45.7272830587976,0.74559518274698
"17462",8,3814,0,70.3352276847508,2.6101521113247
"19852",4,3068,1,49.0342757744355,0.913580880473446
"14084",5,3450,1,48.944505456026,0.908722254846876
"10004",5,3495,1,52.0863860394552,1.08908099905477
"2122",4,3896,0,45.1874132346991,0.72026706081358
"86212",3,3982,1,38.7675965150499,0.461144588474798
"3063",6,3450,1,57.5997803057378,1.45954433499423
"14068",6,1687,0,57.9177822364901,1.48311689794937
"12809",8,1687,1,69.250191841268,2.49469662458541
"15127",18,1687,1,99.5805858718835,7.1792817159579
"3073",5,3449,1,51.3560214441228,1.04523411559735
"15978",7,1687,0,68.623846771013,2.42960183733156
"14083",5,3450,1,48.944505456026,0.908722254846876
"5737",6,1687,1,64.759866891966,2.05254644057537
"47412",3,3737,1,42.6410077802215,0.608401946122505
"7972",8,3652,0,73.4198434188644,2.95739841767439
"63582",3,2966,0,41.5408040109748,0.563838384598714
"15126",18,1687,1,99.5805858718835,7.1792817159579
"16112",4,3586,1,46.4758892333513,0.781673367611665
"10042",6,3539,0,56.4130067722466,1.37374554366422
"36972",3,3902,0,39.4046296081343,0.483543090118269
"9752",12,3820,1,88.6669873507383,5.12129705514831
"2063",4,3820,1,43.4786785875766,0.643838324087538
"6652",4,4184,0,45.6118567840622,0.740131594335946
"16533",7,3536,0,68.2993553011375,2.39632105448844
"12842",13,4023,1,91.2440575651725,5.56657470211879
"5922",4,3820,1,45.3481028918444,0.727745844259158
"31052",3,3266,0,41.5500431795593,0.564203388799612
"1032",5,3821,0,51.5262443726781,1.05534774833043
"15952",5,3269,1,55.1767979715014,1.28796506174384
"382",6,3537,0,57.6602024045748,1.46400418501988
"15502",8,3819,0,65.6408432278636,2.1348603226366
"16602",9,3663,1,81.2766152834499,3.97550778688185
"51112",3,3775,0,38.3047003732278,0.445303601451405
"4252",4,3946,1,45.0450846028014,0.713685115620991
"12808",8,1687,1,69.250191841268,2.49469662458541
"3022",6,3084,0,60.5517369710862,1.68803368107453
"15977",7,1687,0,68.623846771013,2.42960183733156
"58152",3,3151,0,38.1995838114717,0.441756859751399
"97232",3,2841,0,39.2121238125655,0.476700873862723
"2002",13,3460,1,76.759218234572,3.36606551953781
"5612",6,2966,1,66.6793404378959,2.23463889996481
"94882",3,3692,1,39.301228048778,0.479859942170262
"854",10,3541,1,74.0922997426228,3.03691287969505
"65882",3,3693,1,38.2766155203026,0.444354166646852
"33093",3,3496,1,40.4936852552389,0.523467516101068
"33052",3,2964,0,38.1281238899559,0.439356346723879
"10702",6,4184,1,66.4828262677856,2.21552805200686
"60592",3,3944,0,38.2050719561711,0.441941575021427
"19972",8,4185,1,73.0349773588752,2.91251118021267
"1152",5,2904,1,52.0743659509922,1.0883497911265
"7393",7,3495,0,66.6392547902464,2.23073185336915
"14552",5,3902,1,52.9287354495927,1.14112968453786
"66692",3,3150,0,39.6294416385368,0.49161477808557
"96452",3,3694,0,38.5630740481456,0.454100704767263
"7752",4,4023,0,46.6639588628685,0.79091367497896
"15112",5,2842,1,42.7094316899855,0.611247254576858
"8852",5,4184,1,56.0024275310673,1.34485241318266
"12222",5,3206,1,57.6984725309361,1.46683358461434
"20432",5,3207,0,50.4710102521747,0.993676225172701
"6632",6,3694,0,58.4595827762396,1.5238520569034
"1682",16,3861,1,99.3891163784018,7.1391857055634
"174",7,3776,0,72.1158613036882,2.80712852938644
"21573",3,3687,1,38.5107627988372,0.452310487000258
"14192",4,4185,0,41.4990471635368,0.562190664456098
"4952",7,3820,1,69.7179010422163,2.54404394297362
"18972",11,3026,0,83.1011654175174,4.24081559312237
"6462",7,3151,1,62.5588133016267,1.85606091549834
"10363",5,3536,0,48.3027851508254,0.874483679401243
"1274",6,3738,0,67.4701118796509,2.31263421868188
"37112",3,3693,1,38.87083029487,0.464727094931455
"2182",5,3903,1,43.912553119591,0.662713423819856
"12722",5,3775,1,51.766354724899,1.06972255887512
"27912",3,3735,0,38.7707860723426,0.46125500288554
"7782",6,3943,0,62.9832749494941,1.89294558800272
"30282",3,3148,0,40.2223528547933,0.513325722935529
"70642",3,4022,1,38.9498773444178,0.467482566676434
"3802",4,3821,1,40.9727303000489,0.541692545032484
"16142",7,3736,0,69.8247824209328,2.55541003081254
"94012",3,3210,0,38.3488582638346,0.446799091329631
"5592",5,4022,1,56.3877311421041,1.37195520089242
"7493",5,3209,1,48.3764559691692,0.878370553058647
"5736",6,1687,1,64.759866891966,2.05254644057537
"3892",8,4106,0,74.9575213644307,3.14126783407545
"27062",3,3206,1,39.3736156254534,0.482436435807035
"7202",4,3025,1,41.9646563539063,0.58074324630663
"16222",5,3943,0,50.757316707832,1.01016838224633
"14067",6,1687,0,57.9177822364901,1.48311689794937
"14352",6,4062,0,50.1061009997585,0.972913789253627
"5672",5,3206,0,51.2454630291817,1.03869959407277
"7942",5,3586,1,53.1904769078761,1.15762870798332
"5252",5,3819,1,50.034976755461,0.968900453171643
"2049",6,3905,0,57.2713573662339,1.43545883001235
"77002",3,3694,1,40.0674706674317,0.507594835405873
"19023",4,3687,1,45.7272830587976,0.74559518274698
"6564",9,3151,0,69.4784136468866,2.5186967195169
"13952",6,3731,1,59.3864335293452,1.59522727401494
"36152",3,3735,1,39.1944000007278,0.476074132697135
"4452",6,3538,0,53.3982925849573,1.17083941417588
"18382",9,3151,0,73.089300201434,2.91881960060825
"93722",3,2842,0,39.5802577867684,0.489841374241294
"26262",3,3207,0,39.0405667180228,0.470657057058819
"75432",3,3775,0,39.9436209720028,0.503042539325464
"16102",4,3776,0,39.7835491427782,0.497198650779636
"7722",4,3692,1,43.7732550243121,0.656614420664232
"15212",5,3084,1,42.2269836466875,0.591370641060136
"4522",8,3541,1,82.4068784282061,4.13853243827561
"5102",4,3083,0,43.4060158018786,0.640712157085165
"7222",5,4184,1,54.7760476077632,1.26093180661967
"11612",7,4104,0,62.8122306296273,1.87802494085358
"1515",7,3536,0,71.4194807235993,2.72897305637601
"8242",4,4062,0,41.6211499024543,0.567017734462195
"19912",4,4064,1,40.0359011328996,0.50643188926095
"18762",4,3817,0,46.4996470417391,0.782836713790568
"5222",9,3207,1,75.2799141507481,3.1807454180893
"1602",12,3024,0,79.6670643396569,3.75071473107168
"89082",3,4105,0,39.2667620209579,0.478636372172968
"20782",7,3859,0,64.5508433840911,2.03332722170096
"10003",5,3495,1,52.0863860394552,1.08908099905477
"6922",7,3816,1,78.404934693366,3.58040348870066
"322",6,3694,0,57.7092235174316,1.46762907532499
"8532",5,3736,1,48.9971854639154,0.911571385476655
"12732",5,3857,0,50.3817626851825,0.988571661238113
"5122",5,3151,0,54.3730010089855,1.23412201294378
"7932",10,3586,1,88.7372671370355,5.13311848837023
"11842",7,3207,0,70.9652324071595,2.67877024764155
"15582",6,4185,1,56.0778181308259,1.35012757965243
"583",6,3541,0,63.1173184492891,1.90469277823907
"14732",8,2842,0,71.0671270372145,2.68997828294241
"13002",6,3857,0,60.3671323932569,1.67310144557868
"13632",6,3946,1,65.5170258179486,2.12316297433387
"38582",3,3266,1,40.2876007935953,0.515752656864
"5652",7,3537,0,68.2750721116203,2.39384260742368
"76862",3,3776,0,38.6174943294166,0.45596802780194
"1537",4,3905,0,47.8741311493147,0.852091669167616
"19332",5,3780,1,55.5266688340467,1.31187482895709
"933",5,3149,0,49.9677426739605,0.965116633131818
"374",6,3905,0,55.2313078717676,1.29167123427247
"19402",7,4062,1,74.1360674967591,3.04213625806039
"2962",7,1684,1,65.4561344156838,2.11742587207493
"16862",6,1508,0,61.4306612241407,1.76032796364463
"1593",9,810,0,78.8263828323376,3.63669631050119
"12832",6,1141,0,51.2971605037997,1.04175180957651
"1481",11,1422,0,86.2908785088238,4.73206298345744
"14066",6,1687,0,57.9177822364901,1.48311689794937
"20211",7,2084,0,56.3461705202353,1.36901467773255
"17091",6,1680,1,54.758630835927,1.25976545451863
"68022",3,1636,1,38.1880489352342,0.441368793967131
"17112",6,1973,0,62.2959270281695,1.83345508491155
"3326",3,2574,0,38.0887518660059,0.438037410370788
"1468",5,1467,0,51.0540417270233,1.02744920520998
"698",6,811,0,52.0278098871353,1.08552072633544
"20402",5,1181,1,46.8669684781278,0.800968166037969
"37562",3,2083,1,39.2015055618958,0.476325331244556
"4814",12,1626,1,95.6349800024632,6.38245100922436
"362",7,2048,0,65.7336218155193,2.14365302023464
"1275",5,2573,0,50.9305697909088,1.02023500819045
"19452",4,1467,1,40.8941372134959,0.538674404524992
"19172",5,1850,0,52.6253300379008,1.12219840675357
"11662",14,981,0,90.8206372053991,5.49173673910313
"18522",7,2282,0,68.3043451407772,2.39683054755432
"12301",8,2014,1,71.873361449638,2.77974808472896
"39382",3,1721,1,40.5737782149759,0.526486145688192
"12807",8,1687,1,69.250191841268,2.49469662458541
"9111",6,922,1,61.5400007392725,1.76946102786307
"787",4,576,1,39.5965713501975,0.490429120136305
"4042",6,1859,0,50.4382346118833,0.99179959926908
"8275",3,1975,0,39.1436465510514,0.474282405316245
"8262",7,2083,0,66.3156857265171,2.19935844686104
"20802",7,1381,0,69.2110582284512,2.49059642223326
"43042",3,2227,0,38.7733333398475,0.461343195308996
"75872",3,2640,0,38.8602168485304,0.464357938581533
"7477",3,1821,0,38.3692136893821,0.447489574576489
"76622",3,1907,1,41.4090846405843,0.558651500569963
"82113",3,424,1,39.598811490511,0.490509864151454
"5819",3,1685,0,38.5024600748502,0.452026774347695
"16672",7,2165,0,68.2951547723141,2.39589220998384
"80892",3,1721,1,38.8021949574393,0.462343225991177
"69082",3,1903,0,41.2048193056627,0.550669985653016
"7406",3,1850,0,38.054542706682,0.436893538743872
"231",7,2330,0,73.6338212360905,2.98255005596685
"6602",5,2171,0,57.5009793325583,1.45227090873477
"732",6,716,0,59.1151366629133,1.57411296565491
"93601",3,763,1,40.5247422949071,0.524636674986547
"3458",3,2017,0,38.216587617084,0.442329324034363
"15512",4,917,1,43.1097479808376,0.628068978821077
"6611",7,981,0,60.8704220934582,1.71401673081041
"4929",3,473,1,38.2070997822203,0.442009838676386
"6164",3,2641,0,39.3246437012073,0.480692385564295
"2057",5,328,0,53.5616524035498,1.18129326635539
"38402",3,1805,1,39.6845585290142,0.493607108533552
"9502",4,2225,0,48.5506633726582,0.887606808397583
"4662",14,233,1,91.3118072935054,5.57861097198126
"1853",9,1141,1,76.9506526226157,3.39055270604487
"15182",4,2217,1,45.0759940528942,0.715111143656721
"11212",7,1717,1,60.8185809208421,1.709772262771
"65922",3,1723,1,38.6922629308665,0.458541771455789
"16251",4,1725,0,49.1359478705505,0.919104219166607
"3621",3,2178,0,39.8379440747723,0.499179469750708
"12071",6,1941,0,58.0126340592742,1.49019604890053
"1472",5,1980,0,48.044899095519,0.860966565013983
"18462",7,522,1,67.9026019887307,2.35603727526362
"5971",11,1904,1,85.3975696945803,4.5909136403644
"825",5,1850,0,61.3633643911822,1.75472211239181
"40272",3,619,1,40.4777511268711,0.522868331670616
"2332",6,2045,0,59.0487986905206,1.56897812627877
"8156",3,1901,0,40.8623230095954,0.537455817263451
"4112",6,1426,1,61.8660557979978,1.79688073865413
"1604",5,2385,0,48.7994470364799,0.900907177086957
"1322",15,1135,0,97.1858253525677,6.68832246319743
"1734",6,1937,0,61.5100598070046,1.766956995098
"18572",6,936,0,63.5898630483113,1.94648671547602
"17592",9,2267,0,75.0558812182282,3.15327788168547
"8436",3,527,1,38.24220094787,0.443192562557347
"43862",3,1894,1,38.7354336574335,0.460032160975563
"31272",3,2178,0,41.360729086743,0.556755230174669
"1808",16,1943,1,106.404793154611,8.70662327204252
"5412",7,1903,0,59.125794975436,1.5749389910777
"14001",6,1224,1,59.4215418698873,1.59797316810531
"1517",5,1467,0,50.3876056383085,0.988905324421705
"14432",4,1035,0,47.4131354302255,0.828433843939533
"6890",3,2227,0,40.0744416887597,0.507851867186297
"3472",5,1503,0,51.5474425981995,1.05661169926455
"15852",12,1638,1,79.863097495373,3.77763490506818
"7293",3,1422,0,38.5248150395647,0.452790932838436
"79172",3,426,0,38.9773619458299,0.468443148549137
"5022",6,927,0,64.2087880927817,2.00213151287677
"24692",3,1937,0,40.2076732683576,0.512780742404512
"53812",3,377,0,39.0178643040892,0.46986105849754
"1815",6,1862,0,60.4996028649536,1.68380784861341
"19042",6,2387,0,57.8658448990907,1.4792499872151
"6441",6,1680,1,54.9603909500499,1.27332023857601
"2055",12,1973,1,88.5280405048506,5.09797807368311
"2692",3,1422,0,41.5711660966507,0.565038456957647
"61",5,1426,0,47.0211274464386,0.808659003481581
"68832",3,1220,0,38.4277767734264,0.449480017915254
"4942",6,1718,0,60.3214139175894,1.66941682893271
"16241",4,1895,0,43.6286595819385,0.650322570981231
"13742",5,428,1,50.3449992128746,0.986473969682805
"15641",17,1224,1,102.971631829502,7.91408822226134
"2027",4,1859,1,44.7560245176451,0.700439386773087
"9421",5,1637,0,54.4464286850102,1.23897811196263
"13032",9,2165,1,77.1519183797215,3.41642323851924
"89422",3,2450,0,38.3388979045647,0.44646147759422
"7502",14,2506,1,99.2878203127036,7.11803267327141
"1369",5,1422,1,58.6248071671344,1.53641889088022
"26772",3,1544,1,38.0919543987588,0.438144595837292
"20762",5,1893,0,59.9095582358769,1.63646373734257
"7602",5,1344,0,51.6582233599686,1.06323320313228
"19591",5,1974,0,56.7038241309183,1.39445537432343
"1866",5,1901,0,44.6296315567185,0.694698710178404
"874",11,1586,1,84.7988069741602,4.49786933783613
"57662",3,474,1,38.242000578832,0.443185805291378
"3702",5,2388,0,54.1025037473936,1.21634062956671
"10911",5,1257,1,51.8345335529876,1.07382754991892
"14912",16,1221,0,99.6717948370468,7.19843382733622
"11292",6,2327,0,51.91647670283,1.07877494363703
"752",14,1094,1,91.9128132673004,5.68613304822735
"8232",4,1033,0,41.5942833222004,0.565953296895043
"5862",9,1338,1,75.6717373017396,3.22916150122747
"945",4,2267,0,45.6750410870636,0.743119093410661
"9532",6,1805,1,54.2150563328329,1.22371880254871
"15412",5,1946,0,50.3166639302633,0.984859178479121
"12092",5,1893,1,60.5520370211461,1.68805802234622
"5372",4,1342,0,40.2984871917051,0.516158314203111
"16782",9,2267,1,74.9307331830136,3.13800212315733
"1594",5,1224,0,55.2014605880982,1.28964102733342
"42191",3,1858,1,39.4001611124106,0.483383540696809
"490",6,1180,0,61.2031498628951,1.74142336618939
"12942",6,1981,1,43.7455875306237,0.655407434742457
"8501",6,1424,0,59.7370265132741,1.62278716749737
"51252",3,528,0,38.3405202611454,0.446516457149438
"5735",6,1687,1,64.759866891966,2.05254644057537
"637",4,1976,0,42.3166555552298,0.595032482449539
"18772",4,1938,0,44.6562579120084,0.695905482444116
"813",4,1544,0,42.154382502047,0.58841676099053
"519",7,1866,0,65.4001505873788,2.11216014120093
"15802",4,573,1,45.5464046581623,0.737045191361016
"60602",3,1679,1,39.0505915941453,0.471008833669967
"58632",3,1902,0,39.4831359260224,0.486351830230755
"5452",5,1815,1,55.9762842722468,1.34302630352252
"3041",4,1222,0,43.3600693485435,0.638740556600907
"12401",5,1810,1,58.1842804272952,1.50306297934906
"13181",9,573,0,76.90915167759,3.38523425135809
"10382",8,2388,0,69.3977702395556,2.51019892270044
"6561",3,1943,1,39.4636210303675,0.485652643583322
"1220",4,1040,0,44.1085507003214,0.67135773764011
"7318",3,2639,1,38.8690707565551,0.464665881444501
"145",4,760,0,43.3865463263644,0.639876218766806
"10962",6,1425,0,64.1485572527366,1.99667115738257
"45612",3,1045,0,38.81242419257,0.462698001547603
"1202",4,423,0,42.8357740605621,0.616523942599256
"440",14,1981,0,90.3763048130769,5.41391601560081
"1929",7,1381,1,61.4223346129709,1.75963371753776
"9403",4,991,1,42.0956868355746,0.586035737436339
"8372",10,329,0,80.6904662019408,3.89265002005915
"14041",4,1040,1,38.2970735458938,0.445045637834456
"84602",3,2124,1,38.1037337963608,0.438538988224075
"1469",8,329,0,73.2925935539551,2.94250728800968
"11912",5,1727,1,52.8794083365617,1.13803771233802
"14922",4,328,0,40.162135562577,0.51109256891474
"11352",5,1042,1,54.1338043383636,1.21838954155374
"13762",14,1804,1,94.2067613113548,6.10901961365386
"1665",4,2130,1,47.0773517798998,0.811475994859754
"1631",7,1764,1,61.3992061434307,1.75770628291482
"25442",3,2048,0,39.795155599301,0.497620871991812
"11811",4,1178,1,44.7462450309732,0.699994102378791
"7261",8,1815,0,71.7227159738064,2.76282743888353
"10061",7,927,1,64.268992300835,2.00759923941596
"4972",4,2441,1,43.245668946843,0.633848851270521
"418",4,2330,0,52.2106735162401,1.09666058663817
"859",8,1141,1,77.9533250334062,3.52072010508583
"2041",6,1945,1,61.3036957409939,1.74976150308781
"686",8,1029,1,64.1318488995564,1.99515815972879
"14522",4,1850,1,38.4665934338525,0.450802516336752
"731",10,715,0,76.2099335722131,3.29644923405526
"15681",11,863,1,88.7420569938747,5.13392481898461
"253",7,1864,0,61.5701223060215,1.77198251663972
"30202",3,525,1,41.2653235227187,0.553026287272595
"1669",8,1297,1,67.9053546608683,2.35631522100863
"5912",6,1902,0,55.3369986145089,1.29887716368688
"17411",10,375,1,77.9069500016235,3.5146285622724
"5552",4,716,1,46.9850417583353,0.806854399003337
"7952",3,1764,1,39.9257614215878,0.502388301975994
"7292",4,2172,1,43.851637118284,0.660041734409191
"46862",3,2176,0,38.1759011190108,0.440960349127067
"6152",7,1760,1,64.4348310622869,2.02271132149203
"19461",9,2448,0,68.1559303187608,2.38170685876017
"4408",3,1901,0,38.723503604726,0.459619980535985
"1010",8,2081,1,71.5769535373287,2.74651974906662
"19532",5,1718,1,50.6182455960805,1.00213519106006
"78751",3,1941,0,42.8450518916606,0.616912605069552
"1784",5,528,0,53.2758614136645,1.16304463819126
"95972",3,2573,0,39.3380144588669,0.481168150535927
"3172",7,1864,0,64.0914549878388,1.99150346416349
"20732",7,1597,0,64.5185737734117,2.0303706752102
"15912",10,1903,1,80.3293737500548,3.84217493477149
"16054",5,1626,1,57.3388173955034,1.44038468037917
"71801",3,1814,1,38.7840116048289,0.461713022535904
"29922",3,476,1,38.3007026565879,0.445168373693306
"1352",4,1762,0,48.0394248617637,0.860681129458556
"596",4,1685,0,47.4271641046573,0.829147339857954
"1493",19,2331,1,90.2567501431771,5.39310143398477
"48292",3,1503,0,39.3788389588149,0.482622700506489
"12632",9,2172,0,76.6599977276445,3.35341960576348
"871",7,918,0,71.9783903118274,2.79158517762763
"5392",6,573,1,53.8927180832922,1.20266657410121
"709",8,2640,1,67.0113469462569,2.26717151424808
"19622",5,1421,0,51.0010497616155,1.02434891266855
"14242",5,714,0,48.1242185636654,0.865109387431379
"40382",3,1981,1,42.6968825833724,0.610724765691594
"51662",3,2444,1,38.5710142664273,0.454372844124891
"2562",8,1895,0,63.4740184244736,1.93618578121372
"3417",3,2507,1,40.465405505136,0.522404398512559
"997",9,2639,1,74.749305894954,3.11594320537634
"4412",14,974,1,103.324196864793,7.99319883403942
"1348",7,2081,0,66.2011895179097,2.18832661716874
"681",9,329,0,72.7296252221474,2.87721762915404
"5642",5,812,1,57.1350178112738,1.42553726084654
"19812",6,1864,0,58.7050811408927,1.5425489369553
"9822",4,2081,0,45.3768706655622,0.729090103198178
"1698",5,2048,0,55.3297607287542,1.29838284964819
"10132",5,1342,1,48.9295503258947,0.907914492379738
"14862",6,1346,1,62.1732292759013,1.82296635153188
"8509",3,1135,1,38.107555721795,0.438667002226051
"1569",11,1503,0,90.589337233999,5.45113571523224
"17622",5,1850,1,53.3745478712542,1.16932499727689
"1502",9,1906,1,75.9542723155166,3.26437173216103
"6282",7,2283,1,71.6682808294037,2.75672990000667
"460",6,1723,1,50.5416663901558,0.9977296886923
"18012",6,2172,1,55.4451868046124,1.30628064391579
"17942",6,922,1,55.816647964979,1.33191099003448
"31321",3,1723,1,40.5305931406685,0.524857124884788
"5581",9,2268,0,72.8778502970103,2.89431467220622
"18812",6,1946,0,54.4142046358453,1.23684545089409
"18912",4,1904,1,41.2347212112358,0.55183367267031
"8871",8,2444,0,69.0402682598977,2.47275377417326
"1432",7,1770,1,63.5140953893123,1.93974537702531
"13562",8,2176,1,78.6266433911186,3.60994525954444
"742",5,1723,0,48.8991164911196,0.906272143603641
"20392",8,2174,1,66.3849175467664,2.20604667995803
"2282",7,2282,0,61.2018091586265,1.74131235992471
"1913",14,2008,0,98.9344112485934,7.04455464803074
"316",6,1597,0,66.9333089726317,2.25949698217192
"9642",6,716,1,58.7465219999796,1.54571980187024
"15632",4,1907,0,49.4670207055246,0.937241543937951
"379",4,1680,1,38.1239211907235,0.439215435025053
"13782",7,1862,1,61.844471803141,1.79505706579837
"19492",9,1765,0,69.6740840768694,2.53939392218167
"13082",6,1909,1,61.3081605775362,1.75013237245197
"11431",9,714,0,70.4448440186366,2.62200727049948
"1894",4,1626,0,44.9475083329361,0.709195618846867
"2462",11,2450,0,76.8759442267966,3.38098257557531
"15342",12,1132,0,89.8651409260098,5.32528984935018
"17052",14,1939,1,93.4829421830559,5.97343151659275
"14822",4,1467,0,39.1577042839466,0.474778235487132
"1983",4,522,1,44.0922770880873,0.670637202554857
"977",4,1085,1,44.7813279200502,0.701592376477224
"1820",4,2450,1,45.4046486933088,0.730389658978744
"20071",5,2083,1,50.583463109607,1.00013262059514
"19611",5,2017,1,50.7046863653188,1.00712333407285
"8122",4,2081,1,48.4601882081013,0.882802015433859
"1396",8,1303,0,74.9035945999807,3.13469596836326
"6464",3,1132,1,39.7065864232092,0.49440483870579
"5383",8,863,0,71.6745299860241,2.75742944844628
"531",11,622,0,86.3810695422621,4.74647004450189
"6671",4,2448,1,42.1456411700082,0.588061762177109
"1964",8,713,1,73.0463988250175,2.91383679215008
"318",4,1035,1,47.8699462117378,0.85187493312904
"128",9,1424,0,75.8115382998809,3.2465525316542
"1105",4,521,1,48.6852350467916,0.894785100789053
"5332",5,1899,1,51.3922657864784,1.04738218392215
"348",5,1975,0,47.3413419792604,0.824788749465203
"18302",4,2179,0,43.6759369644263,0.652375399737348
"17371",5,928,1,48.6247122027224,0.891552008646792
"19771",5,716,0,48.3196258260158,0.875371196272735
"1565",7,2442,1,66.5779632103693,2.22476659151218
"11101",11,991,0,92.6309378103708,5.81638067058477
"15125",18,1687,1,99.5805858718835,7.1792817159579
"12321",5,1344,1,44.3373308692508,0.681541115182616
"4860",3,574,1,38.4745796736933,0.451074926964741
"61412",3,1465,1,39.6687735672008,0.493035983241108
"68772",3,2281,0,41.7746495191037,0.573124503292846
"12982",6,1132,0,62.8987607715079,1.88556350731533
"3058",3,1816,0,38.4993685641268,0.451921164084677
"16582",12,2122,0,78.8080570134932,3.63423653546728
"11121",13,2283,1,94.8733043502574,6.2356510447322
"312",8,980,0,68.8750038312062,2.45556845674306
"2472",6,2330,1,59.9102319613107,1.63651729121316
"15612",4,762,1,38.6225225666062,0.456140815590611
"9411",3,2048,1,38.1976464061324,0.441691664327029
"9791",8,1859,1,78.7210269488585,3.62256986973753
"15892",9,936,1,75.4160151600089,3.19750849493751
"15922",9,1087,0,76.6789694274455,3.35583518321841
"11322",10,1851,1,85.0310491635631,4.53381003974011
"15731",4,1940,0,43.3889558875586,0.639979636466185
"63562",3,2172,0,40.6423663558304,0.529080232037258
"62122",3,2225,1,38.9771381263155,0.468435320870168
"279",5,1719,0,49.9624536619651,0.964819388712588
"4481",5,1596,1,58.4830785026853,1.52563499244707
"277",5,1762,1,50.9397277327272,1.02076894164221
"32582",3,761,1,38.9397500784226,0.467128946783731
"822",5,1386,1,58.6723598501519,1.54004827218588
"10402",7,1630,1,69.6102899716901,2.53263383126565
"7742",5,868,1,49.1476261004837,0.919740038900314
"1842",7,1895,0,73.3083520969791,2.94434871998298
"5654",3,2011,0,39.8237935776055,0.49866367471715
"82471",3,1464,0,38.6410914759169,0.456779280554948
"56812",3,526,0,39.2405681842326,0.477707842021327
"7622",7,1717,1,66.457541792036,2.21307697489193
"3312",8,2081,1,67.1480096493804,2.28065259053139
"13802",7,2443,0,67.9017827283566,2.35595455618752
"9092",6,1668,1,53.5367102424922,1.17969320116871
"295",5,1900,0,51.8586498816082,1.07528204574454
"20322",8,1981,1,67.0326176804635,2.26926631702819
"5812",15,1257,0,100.542446277819,7.38294406502599
"625",6,1508,0,60.3896712046866,1.67491989225214
"11891",5,1132,0,54.8453492731732,1.26557976454478
"1401",13,2011,0,85.1063743585875,4.5455073602202
"25742",3,1975,0,40.4442600517683,0.521610406437801
"3961",5,1853,0,57.887347315069,1.4808501111873
"92",9,1685,0,72.8687227184551,2.89325992881157
"4950",3,1973,0,42.5843576967774,0.606052824306965
"15902",5,1181,0,54.8464415015847,1.2656531085181
"18641",5,1638,0,50.4369941731004,0.991728621527566
"15976",7,1687,0,68.623846771013,2.42960183733156
"12532",4,1256,1,43.3801984198304,0.639603820890263
"483",10,2218,0,80.6031709052652,3.88040785632372
"963",5,1426,1,57.4323541003241,1.44723295563929
"86292",3,1763,0,41.5353936223133,0.563624712815777
"4552",9,1679,1,84.8117805601483,4.49987211932486
"1061",4,763,1,41.2873727042788,0.553886622242116
"12661",11,2179,1,78.7428505638464,3.62549308417264
"13202",7,1902,0,59.8705107391307,1.63336184942906
"23682",3,1728,0,39.1458732662612,0.474360921103617
"861",5,1940,1,59.3439684644906,1.59191013637577
"16572",6,1946,0,56.6738053247128,1.39230824061761
"11202",5,1344,1,50.3482450577796,0.986659057052784
"12452",6,1943,0,67.6182052726147,2.32743668899674
"67132",3,1548,1,39.8357910823763,0.499100969170299
"72951",3,1343,0,40.354085173882,0.51823331505376
"21912",3,1094,0,38.4619008231455,0.450642501768847
"980",9,917,1,72.6316977672919,2.86595861817086
"4382",10,2324,1,77.128741822719,3.41343756546726
"85842",3,811,0,38.2880437880613,0.444740349466559
"640",7,1817,1,62.6516951626637,1.86409142773993
"20482",7,1344,0,68.3038860679948,2.39678367045336
"5310",8,2330,1,64.2880089674944,2.00932836139027
"4502",8,2385,0,75.0093045067146,3.14758696900918
"18482",4,927,0,40.9194285396881,0.539644437194567
"9373",6,2179,0,58.0726326518179,1.49468540180747
"6432",6,2227,1,56.5186394388667,1.3812443932835
"80612",3,621,0,42.0797216999659,0.585389198337536
"8522",7,2388,0,70.9056925145809,2.67223528896701
"77931",3,2110,1,38.5143388345968,0.452432719836918
"5902",3,1890,1,39.5359545692145,0.488247548739943
"10231",5,2201,1,43.4002305600333,0.640463688053186
"388",4,2488,0,42.5060586831527,0.602815793599533
"18612",5,2369,1,48.2251817667205,0.870401551029833
"4021",5,2152,0,64.0627949482695,1.98891307371857
"5071",4,2074,1,47.1576567699723,0.815510650286664
"5151",9,2559,1,72.4117954329443,2.84078125931497
"1935",13,1890,0,90.3795298101634,5.41447821975386
"35661",3,1889,0,39.1810733427983,0.475603238027974
"2069",9,2559,1,78.3427191671449,3.5721421355979
"6482",6,1755,0,57.7569627939935,1.4711648366999
"2509",3,2487,0,39.0333764431552,0.470404853881092
"393",7,1666,1,67.4192163077995,2.30756132688781
"14065",6,1687,0,57.9177822364901,1.48311689794937
"82012",3,1800,0,40.1513950384191,0.510694928688382
"9354",3,2372,1,38.0868754263116,0.437974615867577
"34041",3,1666,0,41.2732828472439,0.553336750178209
"4813",12,1626,1,95.6349800024632,6.38245100922436
"11341",13,1889,0,79.2081438813826,3.68818679923328
"712",5,1712,0,44.7299706977654,0.699253503378574
"17022",8,2037,1,68.3243668728336,2.39887560353676
"1292",6,3068,0,58.4585176895972,1.52377126693007
"5525",3,2481,0,38.2871768623401,0.44471104668541
"4072",6,2037,0,61.4680768191933,1.7634497748093
"1699",12,2306,1,91.0321938951383,5.52904548430823
"433",5,2554,0,60.0450907573812,1.64726027968079
"15975",7,1687,0,68.623846771013,2.42960183733156
"15052",4,2201,1,48.2785926154938,0.873209747651376
"15782",4,1623,1,39.9395535611677,0.50289349135179
"1225",8,2487,0,72.7689971569633,2.88175250720079
"8540",3,2306,1,39.5344700329095,0.488194200993187
"5481",3,2493,0,39.8528229884846,0.499722193598901
"1075",11,2554,1,86.1478395572509,4.70927293609711
"15252",6,2369,1,56.6364907904108,1.3896422972027
"59782",3,1888,1,38.6029156476511,0.455467296247943
"350",10,2686,0,73.7797016574521,2.99977753799931
"12806",8,1687,1,69.250191841268,2.49469662458541
"56972",3,3125,0,38.7677913401481,0.461151332329688
"13191",5,2836,0,52.2708516910513,1.10034291817904
"7432",5,1757,1,53.7168335992265,1.19128030829879
"1684",7,1666,0,71.7856164946672,2.76988424107342
"11732",4,2493,0,41.3110410078225,0.55481111067839
"73461",3,2559,1,38.0728921496464,0.437506855682993
"2033",6,2424,0,63.4618621692455,1.93510692293692
"932",5,2429,1,49.4015357228052,0.933635580626709
"23211",3,1711,0,40.1539231853659,0.510788508533726
"23",7,2553,1,72.7948285072772,2.88473032146679
"308",5,1845,1,53.3081022820575,1.16509399033618
"3560",3,1800,0,38.1889218155457,0.441398152295283
"1529",15,1757,0,91.475747590053,5.60780689774238
"1666",6,2488,0,57.5438348989955,1.45542287600855
"8582",6,2555,1,57.2543624989881,1.4342196313114
"1812",19,2370,1,101.446431689911,7.57777493366261
"1899",11,1801,1,89.7317339512492,5.30231738169979
"16053",5,1626,1,57.3388173955034,1.44038468037917
"5734",6,1687,1,64.759866891966,2.05254644057537
"62452",3,3242,0,40.818268014087,0.535771357563964
"7302",5,3184,1,58.5831246798241,1.53324216383562
"616",5,2306,0,54.0059941761681,1.21003742865486
"414",4,2251,1,39.6151790602308,0.491100084531587
"11061",8,3127,0,72.8868465361161,2.8953544855066
"5685",3,2372,0,40.5819324332423,0.526794109841685
"1306",5,3451,0,58.1346711969127,1.49933671801245
"15974",7,1687,0,68.623846771013,2.42960183733156
"15124",18,1687,1,99.5805858718835,7.1792817159579
"12805",8,1687,1,69.250191841268,2.49469662458541
"3062",6,3450,1,57.5997803057378,1.45954433499423
"14082",5,3450,1,48.944505456026,0.908722254846876
"3072",5,3449,1,51.3560214441228,1.04523411559735
"14064",6,1687,0,57.9177822364901,1.48311689794937
"5733",6,1687,1,64.759866891966,2.05254644057537
"7392",7,3495,0,66.6392547902464,2.23073185336915
"11181",9,3940,1,76.1856374831596,3.29339197713605
"1514",7,3536,0,71.4194807235993,2.72897305637601
"17461",8,3814,0,70.3352276847508,2.6101521113247
"15123",18,1687,1,99.5805858718835,7.1792817159579
"62451",3,3242,0,40.818268014087,0.535771357563964
"2511",7,3069,0,74.132636043836,3.04172652505082
"10841",4,3896,1,41.2517422420453,0.552496797320186
"5341",6,3981,1,62.0156179930631,1.80955095088731
"13301",5,4020,1,50.3116297240721,0.984572467192713
"1291",6,3068,0,58.4585176895972,1.52377126693007
"33092",3,3496,1,40.4936852552389,0.523467516101068
"2841",8,3896,1,67.4442497826997,2.31005556362066
"65621",3,3068,1,40.0710355989208,0.507726268988213
"19851",4,3068,1,49.0342757744355,0.913580880473446
"18791",6,3854,0,54.149521735279,1.21941924374609
"11981",8,3772,0,77.5493783565919,3.46789227853931
"1721",15,3938,1,93.0126535336496,5.88640318312222
"5732",6,1687,1,64.759866891966,2.05254644057537
"10362",5,3536,0,48.3027851508254,0.874483679401243
"86211",3,3982,1,38.7675965150499,0.461144588474798
"7301",5,3184,1,58.5831246798241,1.53324216383562
"15973",7,1687,0,68.623846771013,2.42960183733156
"2121",4,3896,0,45.1874132346991,0.72026706081358
"44201",3,3773,0,38.1720959536536,0.440832459469365
"14081",5,3450,1,48.944505456026,0.908722254846876
"11871",8,3854,1,69.4001526922655,2.51044970341676
"11301",14,4021,0,92.4017047271487,5.77459376400865
"3061",6,3450,1,57.5997803057378,1.45954433499423
"70842",3,3183,0,40.5482550598556,0.525522964669762
"19981",6,3899,1,53.3550606991795,1.16808308363544
"21572",3,3687,1,38.5107627988372,0.452310487000258
"49121",3,3981,1,39.7170416692661,0.494783766630604
"19022",4,3687,1,45.7272830587976,0.74559518274698
"10002",5,3495,1,52.0863860394552,1.08908099905477
"25591",3,4021,1,38.2934013624966,0.444921467874326
"81171",3,3815,1,39.7436377082121,0.49574854198321
"16532",7,3536,0,68.2993553011375,2.39632105448844
"14871",5,3069,0,49.5188510689577,0.940102080522529
"3071",5,3449,1,51.3560214441228,1.04523411559735
"74911",3,3855,1,38.1347750412094,0.439579412852131
"24561",3,3298,0,38.4179241312417,0.449144740356344
"13011",8,3855,0,62.9751265543489,1.89223302330468
"12804",8,1687,1,69.250191841268,2.49469662458541
"18921",10,3855,1,86.2941637837263,4.7325872668744
"14063",6,1687,0,57.9177822364901,1.48311689794937
"1811",19,2370,1,101.446431689911,7.57777493366261
"15251",6,2369,1,56.6364907904108,1.3896422972027
"2019",5,2201,1,59.7942869484605,1.62731784434363
"18611",5,2369,1,48.2251817667205,0.870401551029833
"19351",13,1890,0,90.3795298101634,5.41447821975386
"711",5,1712,0,44.7299706977654,0.699253503378574
"9651",7,1929,1,61.0736335069417,1.73072123695693
"2061",9,2365,0,80.5684395421946,3.87554421725839
"765",7,2427,0,60.6392318316119,1.69514138260629
"232",7,2553,1,72.7948285072772,2.88473032146679
"56971",3,3125,0,38.7677913401481,0.461151332329688
"551",5,1889,1,50.6495974646216,1.00394250044313
"4812",12,1626,1,95.6349800024632,6.38245100922436
"17021",8,2037,1,68.3243668728336,2.39887560353676
"84491",3,1757,0,38.0235054679555,0.435857426367353
"16951",11,2152,1,78.4844057360057,3.59097436013046
"6211",6,2252,1,55.8405403265122,1.33357073377295
"244",4,2824,1,48.5097626382498,0.885432605351226
"8021",7,2960,1,61.7758216360243,1.78926476001197
"1647",5,2425,1,51.9974835971171,1.08368049224812
"9681",9,1890,1,78.5108153174685,3.59449177010611
"392",7,1666,1,67.4192163077995,2.30756132688781
"4331",5,2554,0,60.0450907573812,1.64726027968079
"3081",5,1845,1,53.3081022820575,1.16509399033618
"82011",3,1800,0,40.1513950384191,0.510694928688382
"93541",3,2372,1,38.0868754263116,0.437974615867577
"391",7,2556,0,65.0017608678974,2.07493639845077
"85401",3,2306,1,39.5344700329095,0.488194200993187
"8581",6,2555,1,57.2543624989881,1.4342196313114
"11731",4,2493,0,41.3110410078225,0.55481111067839
"1906",9,2772,0,89.2180664970363,5.21447216953641
"18991",11,1801,1,89.7317339512492,5.30231738169979
"166",12,2365,0,94.4093360340054,6.14732494310019
"7431",5,1757,1,53.7168335992265,1.19128030829879
"25091",3,2487,0,39.0333764431552,0.470404853881092
"18681",8,2432,0,74.1136611705064,3.03946148214915
"16052",5,1626,1,57.3388173955034,1.44038468037917
"69931",3,2306,0,38.3091357359559,0.445453664682538
"79171",3,426,0,38.9773619458299,0.468443148549137
"15972",7,1687,0,68.623846771013,2.42960183733156
"544",4,3067,0,54.270557508423,1.22736786591786
"101",7,2001,0,56.3133675978622,1.36669670808363
"4071",6,2037,0,61.4680768191933,1.7634497748093
"35601",3,1800,0,38.1889218155457,0.441398152295283
"15291",15,1757,0,91.475747590053,5.60780689774238
"6481",6,1755,0,57.7569627939935,1.4711648366999
"1212",6,2958,1,59.7223283378153,1.62162552544116
"19571",8,2150,1,72.2360860770971,2.82076838248193
"3881",4,2488,0,42.5060586831527,0.602815793599533
"20691",9,2559,1,78.3427191671449,3.5721421355979
"82112",3,424,1,39.598811490511,0.490509864151454
"59781",3,1888,1,38.6029156476511,0.455467296247943
"12803",8,1687,1,69.250191841268,2.49469662458541
"2131",6,1755,1,59.0578868951691,1.56968094082566
"16941",4,1666,1,45.0374183908771,0.713331718950432
"48311",3,2305,1,41.0192040739992,0.543482446924817
"7801",5,2074,0,42.6827005718646,0.610134642860989
"9881",11,1801,0,86.5352862697288,4.77117117711836
"16791",5,2250,1,42.5234469200735,0.603533673800369
"16991",12,2306,1,91.0321938951383,5.52904548430823
"1370",7,2370,1,75.0508607704093,3.15266414056779
"554",14,2424,0,89.8989185571585,5.33111664854461
"258",6,1966,0,58.9874193160776,1.56423690668692
"4391",4,2427,0,42.1993220981446,0.590244047001364
"15781",4,1623,1,39.9395535611677,0.50289349135179
"16841",7,1666,0,71.7856164946672,2.76988424107342
"417",5,2555,1,55.359869150598,1.30043992703621
"15051",4,2201,1,48.2785926154938,0.873209747651376
"70841",3,3183,0,40.5482550598556,0.525522964669762
"1681",16,3861,1,99.3891163784018,7.1391857055634
"20491",6,3905,0,57.2713573662339,1.43545883001235
"13001",6,3857,0,60.3671323932569,1.67310144557868
"5731",6,1687,1,64.759866891966,2.05254644057537
"58151",3,3151,0,38.1995838114717,0.441756859751399
"15111",5,2842,1,42.7094316899855,0.611247254576858
"12731",5,3857,0,50.3817626851825,0.988571661238113
"18761",4,3817,0,46.4996470417391,0.782836713790568
"37111",3,3693,1,38.87083029487,0.464727094931455
"11611",7,4104,0,62.8122306296273,1.87802494085358
"5651",7,3537,0,68.2750721116203,2.39384260742368
"12841",13,4023,1,91.2440575651725,5.56657470211879
"70641",3,4022,1,38.9498773444178,0.467482566676434
"16221",5,3943,0,50.757316707832,1.01016838224633
"15371",4,3905,0,47.8741311493147,0.852091669167616
"38581",3,3266,1,40.2876007935953,0.515752656864
"16141",7,3736,0,69.8247824209328,2.55541003081254
"13951",6,3731,1,59.3864335293452,1.59522727401494
"16531",7,3536,0,68.2993553011375,2.39632105448844
"6563",9,3151,0,69.4784136468866,2.5186967195169
"7781",6,3943,0,62.9832749494941,1.89294558800272
"89081",3,4105,0,39.2667620209579,0.478636372172968
"16101",4,3776,0,39.7835491427782,0.497198650779636
"16111",4,3586,1,46.4758892333513,0.781673367611665
"12721",5,3775,1,51.766354724899,1.06972255887512
"94881",3,3692,1,39.301228048778,0.479859942170262
"14551",5,3902,1,52.9287354495927,1.14112968453786
"77001",3,3694,1,40.0674706674317,0.507594835405873
"15211",5,3084,1,42.2269836466875,0.591370641060136
"7751",4,4023,0,46.6639588628685,0.79091367497896
"36971",3,3902,0,39.4046296081343,0.483543090118269
"15581",6,4185,1,56.0778181308259,1.35012757965243
"7201",4,3025,1,41.9646563539063,0.58074324630663
"7971",8,3652,0,73.4198434188644,2.95739841767439
"17421",7,3776,0,72.1158613036882,2.80712852938644
"3891",8,4106,0,74.9575213644307,3.14126783407545
"65881",3,3693,1,38.2766155203026,0.444354166646852
"2062",4,3820,1,43.4786785875766,0.643838324087538
"96451",3,3694,0,38.5630740481456,0.454100704767263
"31051",3,3266,0,41.5500431795593,0.564203388799612
"76861",3,3776,0,38.6174943294166,0.45596802780194
"6651",4,4184,0,45.6118567840622,0.740131594335946
"4521",8,3541,1,82.4068784282061,4.13853243827561
"14062",6,1687,0,57.9177822364901,1.48311689794937
"3021",6,3084,0,60.5517369710862,1.68803368107453
"47411",3,3737,1,42.6410077802215,0.608401946122505
"15951",5,3269,1,55.1767979715014,1.28796506174384
"3801",4,3821,1,40.9727303000489,0.541692545032484
"5591",5,4022,1,56.3877311421041,1.37195520089242
"63581",3,2966,0,41.5408040109748,0.563838384598714
"14731",8,2842,0,71.0671270372145,2.68997828294241
"30281",3,3148,0,40.2223528547933,0.513325722935529
"13631",6,3946,1,65.5170258179486,2.12316297433387
"36151",3,3735,1,39.1944000007278,0.476074132697135
"15122",18,1687,1,99.5805858718835,7.1792817159579
"19911",4,4064,1,40.0359011328996,0.50643188926095
"60591",3,3944,0,38.2050719561711,0.441941575021427
"18971",11,3026,0,83.1011654175174,4.24081559312237
"26261",3,3207,0,39.0405667180228,0.470657057058819
"5221",9,3207,1,75.2799141507481,3.1807454180893
"21571",3,3687,1,38.5107627988372,0.452310487000258
"9751",12,3820,1,88.6669873507383,5.12129705514831
"8851",5,4184,1,56.0024275310673,1.34485241318266
"7721",4,3692,1,43.7732550243121,0.656614420664232
"20781",7,3859,0,64.5508433840911,2.03332722170096
"51111",3,3775,0,38.3047003732278,0.445303601451405
"12802",8,1687,1,69.250191841268,2.49469662458541
"8241",4,4062,0,41.6211499024543,0.567017734462195
"93721",3,2842,0,39.5802577867684,0.489841374241294
"851",10,3541,1,74.0922997426228,3.03691287969505
"582",6,3541,0,63.1173184492891,1.90469277823907
"1513",7,3536,0,71.4194807235993,2.72897305637601
"10701",6,4184,1,66.4828262677856,2.21552805200686
"6461",7,3151,1,62.5588133016267,1.85606091549834
"7391",7,3495,0,66.6392547902464,2.23073185336915
"20431",5,3207,0,50.4710102521747,0.993676225172701
"6631",6,3694,0,58.4595827762396,1.5238520569034
"7941",5,3586,1,53.1904769078761,1.15762870798332
"19331",5,3780,1,55.5266688340467,1.31187482895709
"7221",5,4184,1,54.7760476077632,1.26093180661967
"5921",4,3820,1,45.3481028918444,0.727745844259158
"1271",6,3738,0,67.4701118796509,2.31263421868188
"27911",3,3735,0,38.7707860723426,0.46125500288554
"2001",13,3460,1,76.759218234572,3.36606551953781
"15971",7,1687,0,68.623846771013,2.42960183733156
"16601",9,3663,1,81.2766152834499,3.97550778688185
"12221",5,3206,1,57.6984725309361,1.46683358461434
"5671",5,3206,0,51.2454630291817,1.03869959407277
"931",5,3149,0,49.9677426739605,0.965116633131818
"19401",7,4062,1,74.1360674967591,3.04213625806039
"97231",3,2841,0,39.2121238125655,0.476700873862723
"8531",5,3736,1,48.9971854639154,0.911571385476655
"5611",6,2966,1,66.6793404378959,2.23463889996481
"66691",3,3150,0,39.6294416385368,0.49161477808557
"4251",4,3946,1,45.0450846028014,0.713685115620991
"1601",12,3024,0,79.6670643396569,3.75071473107168
"6921",7,3816,1,78.404934693366,3.58040348870066
"75431",3,3775,0,39.9436209720028,0.503042539325464
"7931",10,3586,1,88.7372671370355,5.13311848837023
"7492",5,3209,1,48.3764559691692,0.878370553058647
"1031",5,3821,0,51.5262443726781,1.05534774833043
"15501",8,3819,0,65.6408432278636,2.1348603226366
"3741",6,3905,0,55.2313078717676,1.29167123427247
"321",6,3694,0,57.7092235174316,1.46762907532499
"381",6,3537,0,57.6602024045748,1.46400418501988
"4451",6,3538,0,53.3982925849573,1.17083941417588
"5101",4,3083,0,43.4060158018786,0.640712157085165
"1151",5,2904,1,52.0743659509922,1.0883497911265
"27061",3,3206,1,39.3736156254534,0.482436435807035
"14351",6,4062,0,50.1061009997585,0.972913789253627
"19021",4,3687,1,45.7272830587976,0.74559518274698
"11841",7,3207,0,70.9652324071595,2.67877024764155
"5121",5,3151,0,54.3730010089855,1.23412201294378
"4951",7,3820,1,69.7179010422163,2.54404394297362
"10041",6,3539,0,56.4130067722466,1.37374554366422
"33091",3,3496,1,40.4936852552389,0.523467516101068
"18381",9,3151,0,73.089300201434,2.91881960060825
"33051",3,2964,0,38.1281238899559,0.439356346723879
"10361",5,3536,0,48.3027851508254,0.874483679401243
"10001",5,3495,1,52.0863860394552,1.08908099905477
"5251",5,3819,1,50.034976755461,0.968900453171643
"14191",4,4185,0,41.4990471635368,0.562190664456098
"2181",5,3903,1,43.912553119591,0.662713423819856
"94011",3,3210,0,38.3488582638346,0.446799091329631
"19971",8,4185,1,73.0349773588752,2.91251118021267
"7741",5,868,1,49.1476261004837,0.919740038900314
"20761",5,1893,0,59.9095582358769,1.63646373734257
"8261",7,2083,0,66.3156857265171,2.19935844686104
"2671",7,927,1,72.9593563220663,2.90374434578853
"40381",3,1981,1,42.6968825833724,0.610724765691594
"43041",3,2227,0,38.7733333398475,0.461343195308996
"13691",5,1422,1,58.6248071671344,1.53641889088022
"15901",5,1181,0,54.8464415015847,1.2656531085181
"513",8,1467,1,70.5006043670632,2.62805136710299
"64371",3,1895,0,39.2571733610514,0.478296332000028
"15911",10,1903,1,80.3293737500548,3.84217493477149
"15891",9,936,1,75.4160151600089,3.19750849493751
"20411",6,1945,1,61.3036957409939,1.74976150308781
"25741",3,1975,0,40.4442600517683,0.521610406437801
"12631",9,2172,0,76.6599977276445,3.35341960576348
"1562",7,2442,1,66.5779632103693,2.22476659151218
"15801",4,573,1,45.5464046581623,0.737045191361016
"79991",3,1041,0,41.3875361994505,0.557805952430376
"19531",5,1718,1,50.6182455960805,1.00213519106006
"9531",6,1805,1,54.2150563328329,1.22371880254871
"2331",6,2045,0,59.0487986905206,1.56897812627877
"3161",6,1597,0,66.9333089726317,2.25949698217192
"70121",3,2048,0,40.1211296386405,0.509575522671652
"6281",7,2283,1,71.6682808294037,2.75672990000667
"67841",3,1719,0,39.4506809531694,0.485189385850749
"11291",6,2327,0,51.91647670283,1.07877494363703
"72931",3,1422,0,38.5248150395647,0.452790932838436
"68021",3,1636,1,38.1880489352342,0.441368793967131
"15411",5,1946,0,50.3166639302633,0.984859178479121
"8371",10,329,0,80.6904662019408,3.89265002005915
"6861",8,1029,1,64.1318488995564,1.99515815972879
"48291",3,1503,0,39.3788389588149,0.482622700506489
"8521",7,2388,0,70.9056925145809,2.67223528896701
"26771",3,1544,1,38.0919543987588,0.438144595837292
"6791",7,1815,1,66.3868560604625,2.20623414455028
"45611",3,1045,0,38.81242419257,0.462698001547603
"14821",4,1467,0,39.1577042839466,0.474778235487132
"1851",9,1141,1,76.9506526226157,3.39055270604487
"15851",12,1638,1,79.863097495373,3.77763490506818
"1982",4,522,1,44.0922770880873,0.670637202554857
"13081",6,1909,1,61.3081605775362,1.75013237245197
"62121",3,2225,1,38.9771381263155,0.468435320870168
"2792",5,1719,0,49.9624536619651,0.964819388712588
"4181",4,2330,0,52.2106735162401,1.09666058663817
"5551",4,716,1,46.9850417583353,0.806854399003337
"4501",8,2385,0,75.0093045067146,3.14758696900918
"1714",5,1821,1,52.1788611751811,1.09471724649934
"54721",3,1945,1,38.0237883740335,0.435866863295539
"18201",4,2450,1,45.4046486933088,0.730389658978744
"18461",7,522,1,67.9026019887307,2.35603727526362
"13741",5,428,1,50.3449992128746,0.986473969682805
"5451",5,1815,1,55.9762842722468,1.34302630352252
"17701",5,1776,0,51.8104672471851,1.07237735898357
"1735",5,2009,1,49.7238949490599,0.951474696818314
"2281",7,2282,0,61.2018091586265,1.74131235992471
"86151",3,983,1,39.9078817542747,0.501733887369592
"93371",3,2165,0,42.008456483451,0.582508884415893
"8121",4,2081,1,48.4601882081013,0.882802015433859
"6151",7,1760,1,64.4348310622869,2.02271132149203
"26921",3,1422,0,41.5711660966507,0.565038456957647
"14811",11,1422,0,86.2908785088238,4.73206298345744
"12751",5,2573,0,50.9305697909088,1.02023500819045
"68831",3,1220,0,38.4277767734264,0.449480017915254
"49291",3,473,1,38.2070997822203,0.442009838676386
"8741",11,1586,1,84.7988069741602,4.49786933783613
"1281",9,1424,0,75.8115382998809,3.2465525316542
"16511",4,2281,0,45.3286586956332,0.726838178931767
"14521",4,1850,1,38.4665934338525,0.450802516336752
"7631",4,763,0,43.6719255909734,0.652201057209991
"792",10,1302,1,76.5752756360736,3.34264626747001
"18751",5,1175,1,56.5722006813648,1.38505694238538
"18151",6,1862,0,60.4996028649536,1.68380784861341
"1893",4,1626,0,44.9475083329361,0.709195618846867
"751",14,1094,1,91.9128132673004,5.68613304822735
"1321",15,1135,0,97.1858253525677,6.68832246319743
"65611",3,1943,1,39.4636210303675,0.485652643583322
"10121",10,1804,1,77.399243887811,3.44839125280404
"18011",6,2172,1,55.4451868046124,1.30628064391579
"15511",4,917,1,43.1097479808376,0.628068978821077
"4591",4,427,0,43.993234545503,0.66626290943607
"1599",5,1861,1,53.3715717858018,1.16913527589272
"8231",4,1033,0,41.5942833222004,0.565953296895043
"2291",5,1904,0,57.5407886216687,1.4551986784566
"16861",6,1508,0,61.4306612241407,1.76032796364463
"53811",3,377,0,39.0178643040892,0.46986105849754
"57661",3,474,1,38.242000578832,0.443185805291378
"18571",6,936,0,63.5898630483113,1.94648671547602
"7291",4,2172,1,43.851637118284,0.660041734409191
"10131",5,1342,1,48.9295503258947,0.907914492379738
"14281",6,922,0,57.1495090459247,1.42658965826351
"3701",5,2388,0,54.1025037473936,1.21634062956671
"1101",8,2165,1,68.2840327967513,2.39475697762307
"12801",8,1687,1,69.250191841268,2.49469662458541
"12201",4,1040,0,44.1085507003214,0.67135773764011
"12981",6,1132,0,62.8987607715079,1.88556350731533
"72",6,1895,0,59.2729681938957,1.58637410381277
"68901",3,2227,0,40.0744416887597,0.507851867186297
"31271",3,2178,0,41.360729086743,0.556755230174669
"5391",6,573,1,53.8927180832922,1.20266657410121
"4065",3,2385,1,38.004630840902,0.435228126315379
"5961",4,1685,0,47.4271641046573,0.829147339857954
"18911",4,1904,1,41.2347212112358,0.55183367267031
"84601",3,2124,1,38.1037337963608,0.438538988224075
"15921",9,1087,0,76.6789694274455,3.35583518321841
"4381",10,2324,1,77.128741822719,3.41343756546726
"11231",4,1851,1,46.8467263567383,0.799961887384639
"19481",4,2013,1,42.5068301050178,0.602847630167583
"11661",14,981,0,90.8206372053991,5.49173673910313
"24691",3,1937,0,40.2076732683576,0.512780742404512
"482",10,2218,0,80.6031709052652,3.88040785632372
"17941",6,922,1,55.816647964979,1.33191099003448
"9402",4,991,1,42.0956868355746,0.586035737436339
"10171",4,233,0,40.4514987763835,0.521882124574006
"3471",5,1503,0,51.5474425981995,1.05661169926455
"10101",8,2081,1,71.5769535373287,2.74651974906662
"5311",11,622,0,86.3810695422621,4.74647004450189
"13561",8,2176,1,78.6266433911186,3.60994525954444
"50051",3,1382,1,40.1301627369858,0.509909455033751
"9091",6,1668,1,53.5367102424922,1.17969320116871
"75871",3,2640,0,38.8602168485304,0.464357938581533
"7501",14,2506,1,99.2878203127036,7.11803267327141
"3311",8,2081,1,67.1480096493804,2.28065259053139
"16981",5,2048,0,55.3297607287542,1.29838284964819
"16051",5,1626,1,57.3388173955034,1.44038468037917
"18301",4,2179,0,43.6759369644263,0.652375399737348
"25441",3,2048,0,39.795155599301,0.497620871991812
"13581",7,1503,1,63.8433414464211,1.96915139633391
"30201",3,525,1,41.2653235227187,0.553026287272595
"16041",5,2385,0,48.7994470364799,0.900907177086957
"894",4,1905,1,44.2133328409835,0.676009272944938
"6401",7,1817,1,62.6516951626637,1.86409142773993
"58191",3,1685,0,38.5024600748502,0.452026774347695
"56541",3,2011,0,39.8237935776055,0.49866367471715
"4661",14,233,1,91.3118072935054,5.57861097198126
"4861",6,1904,0,59.4207238970237,1.59790915752834
"2311",7,2330,0,73.6338212360905,2.98255005596685
"10401",7,1630,1,69.6102899716901,2.53263383126565
"9641",6,716,1,58.7465219999796,1.54571980187024
"542",6,1815,1,49.1168291587847,0.918063926238241
"12821",4,667,1,47.7116085287764,0.843701255106893
"1645",7,1630,0,63.8678391551049,1.97135098305669
"15931",9,810,0,78.8263828323376,3.63669631050119
"19171",5,1850,0,52.6253300379008,1.12219840675357
"20571",5,328,0,53.5616524035498,1.18129326635539
"311",8,980,0,68.8750038312062,2.45556845674306
"26031",3,2174,1,38.4481251453014,0.450172976668566
"37561",3,2083,1,39.2015055618958,0.476325331244556
"7601",5,1344,0,51.6582233599686,1.06323320313228
"80611",3,621,0,42.0797216999659,0.585389198337536
"4971",4,2441,1,43.245668946843,0.633848851270521
"1427",4,1717,1,41.6783332276338,0.569287675900804
"48601",3,574,1,38.4745796736933,0.451074926964741
"14911",16,1221,0,99.6717948370468,7.19843382733622
"68771",3,2281,0,41.7746495191037,0.573124503292846
"16571",6,1946,0,56.6738053247128,1.39230824061761
"51251",3,528,0,38.3405202611454,0.446516457149438
"15401",5,2048,1,55.3447802964957,1.29940875426035
"19131",14,2008,0,98.9344112485934,7.04455464803074
"5411",7,1903,0,59.125794975436,1.5749389910777
"44081",3,1901,0,38.723503604726,0.459619980535985
"14431",4,1035,0,47.4131354302255,0.828433843939533
"60601",3,1679,1,39.0505915941453,0.471008833669967
"4111",6,1426,1,61.8660557979978,1.79688073865413
"19491",9,1765,0,69.6740840768694,2.53939392218167
"4601",6,1723,1,50.5416663901558,0.9977296886923
"12831",6,1141,0,51.2971605037997,1.04175180957651
"79521",3,1764,1,39.9257614215878,0.502388301975994
"82051",3,1938,0,38.5544320893612,0.453804635887655
"4551",9,1679,1,84.8117805601483,4.49987211932486
"17111",6,1973,0,62.2959270281695,1.83345508491155
"11911",5,1727,1,52.8794083365617,1.13803771233802
"74771",3,1821,0,38.3692136893821,0.447489574576489
"4901",6,1180,0,61.2031498628951,1.74142336618939
"15181",4,2217,1,45.0759940528942,0.715111143656721
"252",7,1864,0,61.5701223060215,1.77198251663972
"14321",7,1770,1,63.5140953893123,1.93974537702531
"36211",3,2178,0,39.8379440747723,0.499179469750708
"6601",5,2171,0,57.5009793325583,1.45227090873477
"8831",4,1586,0,42.1893513913884,0.589838307703004
"5911",6,1902,0,55.3369986145089,1.29887716368688
"12941",6,1981,1,43.7455875306237,0.655407434742457
"13801",7,2443,0,67.9017827283566,2.35595455618752
"16781",9,2267,1,74.9307331830136,3.13800212315733
"20391",8,2174,1,66.3849175467664,2.20604667995803
"1930",11,2387,0,89.355837959291,5.23793876542465
"63561",3,2172,0,40.6423663558304,0.529080232037258
"93181",3,2331,0,38.2553115541328,0.443634852973958
"8193",3,1091,0,39.1824706373416,0.475652596785242
"21911",3,1094,0,38.4619008231455,0.450642501768847
"15121",18,1687,1,99.5805858718835,7.1792817159579
"20801",7,1381,0,69.2110582284512,2.49059642223326
"38401",3,1805,1,39.6845585290142,0.493607108533552
"8591",8,1141,1,77.9533250334062,3.52072010508583
"14061",6,1687,0,57.9177822364901,1.48311689794937
"46861",3,2176,0,38.1759011190108,0.440960349127067
"89421",3,2450,0,38.3388979045647,0.44646147759422
"11051",4,521,1,48.6852350467916,0.894785100789053
"20321",8,1981,1,67.0326176804635,2.26926631702819
"15001",5,868,0,54.0836256604652,1.21510597890976
"3411",3,2216,0,38.4190426947337,0.449182795917388
"40271",3,619,1,40.4777511268711,0.522868331670616
"6431",6,2227,1,56.5186394388667,1.3812443932835
"456",10,1862,0,81.0977915225887,3.95010786784048
"76621",3,1907,1,41.4090846405843,0.558651500569963
"9771",4,1085,1,44.7813279200502,0.701592376477224
"15691",11,1503,0,90.589337233999,5.45113571523224
"81561",3,1901,0,40.8623230095954,0.537455817263451
"18391",5,919,0,53.7344418010852,1.19241701259612
"84361",3,527,1,38.24220094787,0.443192562557347
"1471",5,1980,0,48.044899095519,0.860966565013983
"7871",4,576,1,39.5965713501975,0.490429120136305
"2461",11,2450,0,76.8759442267966,3.38098257557531
"13481",7,2081,0,66.2011895179097,2.18832661716874
"8381",7,811,0,59.5169113553943,1.60544786299471
"11351",5,1042,1,54.1338043383636,1.21838954155374
"5711",9,1905,1,77.1384794857608,3.41469179149812
"3981",4,1224,1,46.2611644249285,0.771210395395497
"9801",9,917,1,72.6316977672919,2.86595861817086
"3171",7,1864,0,64.0914549878388,1.99150346416349
"5382",8,863,0,71.6745299860241,2.75742944844628
"56811",3,526,0,39.2405681842326,0.477707842021327
"5351",7,1220,1,68.6426315575786,2.43153769235074
"1915",5,1975,0,46.5628938556124,0.785939252174818
"15631",4,1907,0,49.4670207055246,0.937241543937951
"1201",4,423,0,42.8357740605621,0.616523942599256
"6251",6,1508,0,60.3896712046866,1.67491989225214
"7311",10,715,0,76.2099335722131,3.29644923405526
"11211",7,1717,1,60.8185809208421,1.709772262771
"9451",4,2267,0,45.6750410870636,0.743119093410661
"8221",5,1386,1,58.6723598501519,1.54004827218588
"23681",3,1728,0,39.1458732662612,0.474360921103617
"16061",5,2130,1,51.139144853444,1.03244103643047
"19811",6,1864,0,58.7050811408927,1.5425489369553
"6981",6,811,0,52.0278098871353,1.08552072633544
"73181",3,2639,1,38.8690707565551,0.464665881444501
"20051",6,1681,1,58.1328332241433,1.49919878033624
"12531",4,1256,1,43.3801984198304,0.639603820890263
"18481",4,927,0,40.9194285396881,0.539644437194567
"1451",4,760,0,43.3865463263644,0.639876218766806
"15341",12,1132,0,89.8651409260098,5.32528984935018
"12451",6,1943,0,67.6182052726147,2.32743668899674
"1756",5,1421,1,52.3914219620206,1.1077450702228
"821",5,1850,0,61.3633643911822,1.75472211239181
"10021",14,1685,1,97.2529068641912,6.70176546785374
"4811",12,1626,1,95.6349800024632,6.38245100922436
"1523",6,1760,0,56.792393547063,1.40080307870704
"67131",3,1548,1,39.8357910823763,0.499100969170299
"94111",3,2048,1,38.1976464061324,0.441691664327029
"866",5,1132,0,42.6248805461483,0.607732587072641
"16731",10,1346,0,80.0879829440292,3.80867303137916
"14241",5,714,0,48.1242185636654,0.865109387431379
"33261",3,2574,0,38.0887518660059,0.438037410370788
"16651",4,2130,1,47.0773517798998,0.811475994859754
"1841",7,1895,0,73.3083520969791,2.94434871998298
"2961",7,1684,1,65.4561344156838,2.11742587207493
"61411",3,1465,1,39.6687735672008,0.493035983241108
"16581",12,2122,0,78.8080570134932,3.63423653546728
"51661",3,2444,1,38.5710142664273,0.454372844124891
"3622",7,2048,0,65.7336218155193,2.14365302023464
"86291",3,1763,0,41.5353936223133,0.563624712815777
"3181",4,1035,1,47.8699462117378,0.85187493312904
"8466",3,621,1,38.3456678879086,0.446690932946553
"10161",4,2385,1,47.3397996065972,0.82471055591004
"1256",6,1342,0,62.2055127889928,1.82572225718295
"19451",4,1467,1,40.8941372134959,0.538674404524992
"2561",8,1895,0,63.4740184244736,1.93618578121372
"29921",3,476,1,38.3007026565879,0.445168373693306
"1501",9,1906,1,75.9542723155166,3.26437173216103
"9821",4,2081,0,45.3768706655622,0.729090103198178
"921",9,1685,0,72.8687227184551,2.89325992881157
"5641",5,812,1,57.1350178112738,1.42553726084654
"811",4,1544,0,42.154382502047,0.58841676099053
"5331",5,1899,1,51.3922657864784,1.04738218392215
"16671",7,2165,0,68.2951547723141,2.39589220998384
"80891",3,1721,1,38.8021949574393,0.462343225991177
"69081",3,1903,0,41.2048193056627,0.550669985653016
"157",5,1679,1,55.9657086096455,1.34228805486482
"5371",4,1342,0,40.2984871917051,0.516158314203111
"46071",3,2227,0,38.7550959872472,0.460712019033128
"10381",8,2388,0,69.3977702395556,2.51019892270044
"18811",6,1946,0,54.4142046358453,1.23684545089409
"280",5,2508,0,56.8925603152737,1.40800477583075
"32581",3,761,1,38.9397500784226,0.467128946783731
"82751",3,1975,0,39.1436465510514,0.474282405316245
"9501",4,2225,0,48.5506633726582,0.887606808397583
"82111",3,424,1,39.598811490511,0.490509864151454
"10611",4,763,1,41.2873727042788,0.553886622242116
"549",5,1906,1,58.3092439734694,1.51247620082166
"6471",5,1941,1,52.1083912156439,1.09042045675676
"22381",3,1381,0,40.0516942006219,0.507013449250504
"20741",5,2217,1,56.4263959920758,1.37469456012165
"754",6,1850,1,62.6035122444571,1.85992271988759
"18771",4,1938,0,44.6562579120084,0.695905482444116
"7349",3,2390,1,39.2131912098512,0.476738635946882
"95971",3,2573,0,39.3380144588669,0.481168150535927
"13031",9,2165,1,77.1519183797215,3.41642323851924
"13781",7,1862,1,61.844471803141,1.79505706579837
"5191",7,1866,0,65.4001505873788,2.11216014120093
"2951",5,1900,0,51.8586498816082,1.07528204574454
"5811",15,1257,0,100.542446277819,7.38294406502599
"19291",7,1381,1,61.4223346129709,1.75963371753776
"17621",5,1850,1,53.3745478712542,1.16932499727689
"1226",12,233,1,94.184046485778,6.10473420903413
"32491",3,1938,0,38.2037859176482,0.441898286092258
"17771",4,2127,1,45.9192634573261,0.754740896036288
"85841",3,811,0,38.2880437880613,0.444740349466559
"13871",7,759,0,63.3272355613076,1.92318528636793
"2771",5,1762,1,50.9397277327272,1.02076894164221
"13761",14,1804,1,94.2067613113548,6.10901961365386
"17051",14,1939,1,93.4829421830559,5.97343151659275
"5321",4,1679,1,43.6294630770007,0.650357424031826
"4401",14,1981,0,90.3763048130769,5.41391601560081
"12091",5,1893,1,60.5520370211461,1.68805802234622
"3651",6,1851,0,53.7999311990664,1.19665095342237
"4941",6,1718,0,60.3214139175894,1.66941682893271
"8161",5,1808,1,43.0045158925302,0.623617952240522
"2471",6,2330,1,59.9102319613107,1.63651729121316
"5861",9,1338,1,75.6717373017396,3.22916150122747
"20731",7,1597,0,64.5185737734117,2.0303706752102
"39381",3,1721,1,40.5737782149759,0.526486145688192
"19621",5,1421,0,51.0010497616155,1.02434891266855
"8351",8,2088,1,66.1138241026188,2.17993334293049
"65921",3,1723,1,38.6922629308665,0.458541771455789
"19041",6,2387,0,57.8658448990907,1.4792499872151
"9961",7,2281,0,62.0584445729297,1.81318978707764
"12521",7,570,1,71.3467415294135,2.72089286691403
"19191",4,1906,1,44.4745635055469,0.687697928064041
"96",8,667,0,73.9253810351686,3.01704632660206
"64641",3,1132,1,39.7065864232092,0.49440483870579
"11201",5,1344,1,50.3482450577796,0.986659057052784
"14861",6,1346,1,62.1732292759013,1.82296635153188
"7621",7,1717,1,66.457541792036,2.21307697489193
"18661",5,1901,0,44.6296315567185,0.694698710178404
"23621",3,2574,0,40.1767757989685,0.511634913147128
"15611",4,762,1,38.6225225666062,0.456140815590611
"43861",3,1894,1,38.7354336574335,0.460032160975563
"61641",3,2641,0,39.3246437012073,0.480692385564295
"536",8,2330,1,64.2880089674944,2.00932836139027
"14921",4,328,0,40.162135562577,0.51109256891474
"4411",14,974,1,103.324196864793,7.99319883403942
"34171",3,2507,1,40.465405505136,0.522404398512559
"10961",6,1425,0,64.1485572527366,1.99667115738257
"5021",6,927,0,64.2087880927817,2.00213151287677
"20481",7,1344,0,68.3038860679948,2.39678367045336
"11321",10,1851,1,85.0310491635631,4.53381003974011
"1162",8,1853,0,74.7328302710545,3.11394506586443
"4041",6,1859,0,50.4382346118833,0.99179959926908
"20401",5,1181,1,46.8669684781278,0.800968166037969
"10721",4,2227,0,44.3001912462804,0.679881124983108
"18781",8,2084,1,61.3096107224219,1.75025283909447
"14691",8,329,0,73.2925935539551,2.94250728800968
"20551",12,1973,1,88.5280405048506,5.09797807368311
"19641",8,713,1,73.0463988250175,2.91383679215008
"17591",9,2267,0,75.0558812182282,3.15327788168547
"1351",4,1762,0,48.0394248617637,0.860681129458556
"18521",7,2282,0,68.3043451407772,2.39683054755432
"13201",7,1902,0,59.8705107391307,1.63336184942906
"3391",4,666,0,46.2892532463351,0.77257383097328
"17911",10,1638,1,85.0378473889292,4.53486493049864
"58631",3,1902,0,39.4831359260224,0.486351830230755
"9371",6,2179,0,58.0726326518179,1.49468540180747
"17011",4,2126,1,49.0265542590662,0.913162301457567
"74061",3,1850,0,38.054542706682,0.436893538743872
